"COMPANY_NUMBER","CO_NUMBER","VAT_NUMBER","NAME","TRADING_NAME","ALIAS_NAME","PREVIOUS_NAME1","PREVIOUS_NAME2","ADDRESS1","ADDRESS2","ADDRESS3","TOWN","ADDRESS5","ZIP","REGION","COUNTRY","PHONE","MARKETING_ALLOWED","EMAIL","WEBSITE","STATUS","DATE_OF_CHANGE","TYPE","LEGAL_FORM","INCORP_DATE","REG_TYPE","ACTIVITY_CODE","CREDITWORTHY","CREDITSCORE","CREDIT_SCORE_DEFINITION","CREDIT_LIMIT","LATEST_ACCOUNTS","CONSOLIDATED_ACCOUNTS","CURRENCY","LATEST_TURNOVER","PRE.TAX_PROFIT","PROFIT","EMPLOYEES","TURNOVER_BAND","TOTAL_FIXED_ASSETS","TOTAL_CURRENT_ASSETS","TOTAL_CURRENT_LIABILITIES","TOTAL_LONG_TERM_LIABILITIES","SHAREHOLDERS_FUNDS","NET_WORTH","WORKING_CAPITAL","CURRENT_RATIO","PRE.TAX_PROFIT_MARGIN","RETURN_ON_TOTAL_ASSETS_EMPLOYED","TOTAL_DEBT_RATIO","CURRENT_DEBT_RATIO","SHARE_CAPITAL"
1040260,1540260,5214024621,"Synapsa Centrum Medyczne Sp. z o.o.",,"525629148",,,"Sandomierska 23 lok. U - 3",,,"Warszawa",,"02-567","Mazowieckie","PL","",,"","",1,"28-11-2023","HEAD OFFICE","limited liability company",2023,"LIMITED","8622Z","N",,"",,"","","PLN",,,,,,,,,,,,,,,,,,
405946,10180,6790026473,"FAGRON Sp. z o.o.",,"350013075",,,"Pasternik 26",,,"Kraków",,"31-354","Małopolskie","PL","4812 3343514",,"biuro@fagron.pl","www.fagron.pl",1,"13-09-2023","HEAD OFFICE","limited liability company",1991,"LIMITED","2120Z","Y",4,"good condition, debts and liabilities are settled on time, promising prospects for the further development.",6000,"31-12-2022","N","PLN",151480.9,95524.56,87626.11,167,,30642.58,140417.61,37397.73,104.77,133557.69,133552.64,103019.88,3.75,63.06,55.84,0.28,0.28,5.05
1103742,3520,5490005408,"Stj Nieruchomości Sp. z o.o.",,"071000068",,,"Przemysłowa 29",,,"Chełmek",,"32-660","Małopolskie","PL","4833 8461222",,"um@jawor.pl","www.jawor.pl",1,"21-05-2024","HEAD OFFICE","limited liability company",1991,"LIMITED","6820Z","N",,"",,"31-12-2009","N","PLN",908.61,648.73,648.73,5,,4922.97,117.87,378.25,240.61,4421.99,-1324.47,-260.38,0.31,71.4,12.87,0.14,0.09,5746.46
139063,12421,8960000629,"Kopalnie Odkrywkowe Surowców Drogowych we Wrocławiu Sp. z o.o.",,"930851590",,,"Komuny Paryskiej 50",,,"Nasławice",,"55-050","Dolnośląskie","PL","4871 3618316",,"biuro@kosd.com.pl","www.kosd.com.pl",1,"03-10-2023","HEAD OFFICE","limited liability company",1956,"LIMITED","6820Z","Y",3,"acceptable condition, the company does not reveal significant problems.",1100,"31-12-2022","N","PLN",985.71,12.61,12.61,4,,12542.05,369.18,424.37,2161.86,10325,-56,-55.19,0.87,1.28,0.1,0.25,0.04,10381
124055,3868,7810046084,"Tubes International Sp. z o.o.",,"630115103",,,"Bystra 15a",,,"Poznań",,"61-366","Wielkopolskie","PL","4861 6530222",,"tubes@tubes-international.com","www.tubes-international.pl",1,"01-08-2023","HEAD OFFICE","limited liability company",1993,"LIMITED","4778Z","Y",3,"acceptable condition, the company does not reveal significant problems.",1100,"31-12-2022","N","PLN",176408.9,5863.48,4424.41,427,,44503.65,77835.2,71543.75,7613.78,43181.32,42906.32,6291.45,1.09,3.32,4.79,1.83,1.66,275
54495,6514,7690502839,"VOS LOGISTICS POLSKA Sp. z o.o.",,"590002424",,,"Al. Jerozolimskie 146 D",,,"Warszawa",,"02-305","Mazowieckie","PL","4822 5354900",,"bulk.poland@voslogistics.com","www.vospolska.com",1,"03-10-2023","HEAD OFFICE","limited liability company",1993,"LIMITED","4941Z","Y",3,"acceptable condition, the company does not reveal significant problems.",140,"31-12-2022","N","PLN",14829.67,208.66,101.76,44,,2244.2,7727.4,3511.68,177.99,6281.94,5278.94,4215.72,2.2,1.41,2.09,0.59,0.56,1003
,18920,5250007425,"Szkoła Główna Gospodarstwa Wiejskiego",,"000001784",,,"Nowoursynowska 166",,,"Warszawa",,"02-787","Mazowieckie","PL","4822 5931000",,"rektor@sggw.waw.pl","www.sggw.waw.pl",1,"22-08-2023","HEAD OFFICE","college",1918,"NON LIMITED","8542Z","N",,"",,"31-12-2022","N","PLN",492188.97,9707.6,9695.21,,,1840541.71,328192.37,320940.21,995.23,1846798.63,9695.21,7252.15,1.02,1.97,0.45,0.17,0.17,1837103.42
160927,10781,7441586760,"Szynaka-Meble Sp. z o.o.",,"511339065",,,"Dworcowa 20",,,"Lubawa",,"14-260","Warmińsko-mazurskie","PL","4889 6452128",,"info@szynaka.com.pl","www.szynaka.pl",1,"07-05-2024","HEAD OFFICE","limited liability company",2000,"LIMITED","3109Z","Y",3,"acceptable condition, the company does not reveal significant problems.",2900,"31-12-2023","N","PLN",773398.42,12088.85,11053.72,1007,,109052.17,251304.94,161700.14,33498.52,165158.45,151709.45,89604.81,1.55,1.56,3.35,1.18,0.98,13449
75707,6449,8580003107,"Wielobranżowe Przedsiębiorstwo Usługowo-Handlowe Progres Sp. z o.o.",,"005459275",,,"Szczecińska 1",,,"Chojna",,"74-500","Zachodniopomorskie","PL","4891 4141609",,"sekretariat@progres-chojna.com.pl","www.progres-chojna.com.pl",1,"22-08-2023","HEAD OFFICE","limited liability company",1988,"LIMITED","4941Z","Y",3,"acceptable condition, the company does not reveal significant problems.",90,"31-12-2022","N","PLN",31121.9,364.92,284.01,78,,4475.38,4850.77,5096.45,,4229.7,4179.7,-245.68,0.95,1.17,3.91,1.2,1.2,50
19827,16332,7390102722,"Eltel Networks Energetyka S.A.",,"510504190",,,"Gutkowo 81d",,,"Gutkowo",,"11-041","Warmińsko-mazurskie","PL","4889 5222520",,"olsztyn@eltelnetworks.com","www.eltelnetworks.pl",1,"21-05-2024","HEAD OFFICE","joint-stock company",1990,"LIMITED","4222Z","N",2,"moderate condition, probable temporary problems with solvency or keeping the delivery dates.",,"31-12-2023","N","PLN",155387.9,-11967.16,-12552.82,356,,26747.65,86573.55,52560.05,440.26,60320.89,53375.89,34013.5,1.65,-7.7,-10.56,0.88,0.87,6945
,19393,7770006350,"Uniwersytet im. Adama Mickiewicza w Poznaniu",,"000001293",,,"Wieniawskiego 1",,,"Poznań",,"61-712","Wielkopolskie","PL","4861 8294000",,"rectorof@amu.edu.pl","www.amu.edu.pl",1,"25-06-2024","HEAD OFFICE","college",1919,"NON LIMITED","8542Z","N",,"",,"31-12-2023","N","PLN",976417.51,6096.89,5674.93,,,1359520.12,531066.22,707145.88,,1183440.46,6136.23,-176079.66,0.75,0.62,0.32,0.6,0.6,1177304.23
102615,21229,9460014184,"Color Park S.A.",,"430602447",,,"Wolska 11",,,"Lublin",,"20-411","Lubelskie","PL","4881 7462027",,"","www.blekitnagaleria.com",5,"19-03-2024","HEAD OFFICE","joint-stock company",1996,"LIMITED","4120Z","N",,"",,"31-12-2021","N","PLN",1197.14,275.8,244.16,2,,39023.47,668.96,387.89,17499.83,21804.71,18704.71,281.07,1.72,23.04,0.69,0.82,0.02,3100
50063,20160,8480005503,"Przedsiębiorstwo Transportowo-Sprzętowe Budownictwa Transbud Ełk Sp. z o.o.",,"790128449",,,"Łukasiewicza 1",,,"Ełk",,"19-300","Warmińsko-mazurskie","PL","4887 6217423",,"transbud@transbud.elk.pl","www.transbud.elk.pl",1,"05-09-2023","HEAD OFFICE","limited liability company",1960,"LIMITED","4671Z","Y",4,"good condition, debts and liabilities are settled on time, promising prospects for the further development.",730,"31-12-2022","N","PLN",170107.05,3991.35,3081.35,,,8272.81,23123.04,15475.58,20.34,15899.93,15793.18,7647.46,1.49,2.35,12.71,0.97,0.97,106.75
132096,31977,7820069129,"Bemo Motors Sp. z o.o.",,"634392236",,,"Mogileńska 50",,,"Poznań",,"61-044","Wielkopolskie","PL","4861 8100100",,"insal@bemo-motors.pl","www.bemo-motors.pl",1,"03-07-2024","HEAD OFFICE","limited liability company",1993,"LIMITED","4511Z","Y",3,"acceptable condition, the company does not reveal significant problems.",3400,"31-12-2023","N","PLN",914119.09,24348.96,20146.85,525,,307484.51,399885.62,390153.83,71700.41,245515.88,242295.88,9731.78,1.02,2.66,3.44,1.88,1.59,3220
43881,22448,5880009578,"BORGA Sp. z o.o.",,"190251335",,,"Azymutalna 9",,,"Gdańsk",,"80-298","Pomorskie","PL","4858 6299444",,"info@borga.pl","www.borga.pl",1,"28-05-2024","HEAD OFFICE","limited liability company",1993,"LIMITED","2511Z","Y",3,"acceptable condition, the company does not reveal significant problems.",2500,"31-12-2023","N","PLN",86071.22,3706.14,2635.27,178,,20192.88,37487.15,22640.3,510.34,34529.39,8429.39,14846.85,1.66,4.31,6.43,0.67,0.66,26100
219629,31941,6460010322,"Rejonowe Przedsiębiorstwo Wodociągów i Kanalizacji w Tychach S.A.",,"270544647",,,"Sadowa 4",,,"Tychy",,"43-100","Śląskie","PL","4832 3257001",,"sekretariat@rpwik.tychy.pl","www.rpwik.tychy.pl",1,"25-06-2024","HEAD OFFICE","joint-stock company",1991,"LIMITED","3600Z","Y",3,"acceptable condition, the company does not reveal significant problems.",3500,"31-12-2022","N","PLN",86854.11,624.76,339.2,270,,115257.45,18078.75,20372.11,1129.94,111834.15,54599.44,-2293.36,0.89,0.72,0.47,0.19,0.18,57234.71
,20330,8960005779,"Uniwersytet Medyczny Im.Piastów Śląskich we Wrocławiu",,"000288981",,,"Pasteura 1",,,"Wrocław",,"50-367","Dolnośląskie","PL","4871 7841001",,"rektor@am.wroc.pl","www.am.wroc.pl",1,"13-09-2023","HEAD OFFICE","college",1950,"NON LIMITED","8542Z","N",,"",,"31-12-2022","N","PLN",302066.03,3137.56,3109.45,,,906624.01,267410.99,219040.82,,954994.17,-10728.21,48370.17,1.22,1.04,0.27,0.23,0.23,965722.39
166371,32342,8940005440,"Dom Samochodowy Germaz Sp. z o.o.",,"930605878",,,"Strzegomska 139",,,"Wrocław",,"54-428","Dolnośląskie","PL","4871 3582013",,"biuro@germaz.com.pl","www.germaz.com.pl",1,"22-08-2023","HEAD OFFICE","limited liability company",1992,"LIMITED","4511Z","Y",3,"acceptable condition, the company does not reveal significant problems.",2600,"31-12-2022","N","PLN",243204.26,5159.72,5007.04,20,,101046.16,72172.43,79521.57,18055.75,75641.27,54919.27,-7349.14,0.91,2.12,2.98,1.29,1.05,20722
34198,23871,8722076258,"ELIT POLSKA Sp. z o.o.",,"691530091",,,"Aleja Pokoju 18c",,,"Kraków",,"31-564","Małopolskie","PL","4812 6838800",,"sekretariat.krakow@elitpolska.pl","www.elitpolska.pl",1,"19-12-2023","HEAD OFFICE","limited liability company",2000,"LIMITED","4531Z","N",2,"moderate condition, probable temporary problems with solvency or keeping the delivery dates.",,"31-12-2022","N","PLN",478540.74,-30831.38,-30831.38,662,,70975.65,205810.38,183936.84,20935.35,71913.85,57213.85,21873.54,1.12,-6.44,-11.14,2.85,2.56,14700
33087,33795,5211010771,"Sandvik Polska Sp. z o.o.",,"010862768",,,"Józefa Pukowca 7",,,"Katowice",,"40-847","Śląskie","PL","4822 6473880",,"pl.coromant@sandvik.com","www.home.sandvik.pl",1,"12-03-2024","HEAD OFFICE","limited liability company",1995,"LIMITED","2573Z","Y",3,"acceptable condition, the company does not reveal significant problems.",3200,"31-12-2022","N","PLN",479317,15026,11771,432,,125032,168851,206408,,87475,65655,-37557,0.82,3.13,5.11,2.36,2.36,21820
1007857,36410,5860066998,"Simpson Strong-Tie Etanco P.S.A.",,"190279500",,,"al. Jana Pawła II 1",,,"Gdynia",,"81-345","Pomorskie","PL","4855 2422926",,"info@etanco.pl","www.etanco.pl",1,"11-06-2024","HEAD OFFICE","simple joint-stock company",1993,"NON LIMITED","2594Z","N",1,"poor condition, highly probable problems with solvency.",,"31-12-2022","N","PLN",0,-6.94,-5.63,,,21762.79,85115.85,52062.69,,54815.95,29451.45,33053.16,1.63,,-0.01,0.95,0.95,25364.5
56073,30610,8411002134,"Przedsiębiorstwo Przemysłu Drzewnego Poltarex Sp. z o.o.",,"770726545",,,"Żeromskiego 9/10",,,"Lębork",,"84-300","Pomorskie","PL","4859 8622430",,"sekretariat@poltarex.pl","www.poltarex.pl",1,"05-09-2023","HEAD OFFICE","limited liability company",1995,"LIMITED","1610Z","Y",5,"very good situation in the company, debts and liabilities are settled on time, solvency is retained, financial/material resources for R&D or implementation of new investments are available.",3800,"31-12-2022","N","PLN",249780.27,42499.24,33681.22,535,,72167.02,68497.83,25123.45,1413.49,114127.91,113327.91,43374.38,2.73,17.01,30.21,0.23,0.22,800
74514,31858,5341136594,"MAGO S.A.",,"011944474",,,"Aleja Katowicka 119/121",,,"Rusiec",,"05-830","Mazowieckie","PL","4822 7298101",,"mago@mago.pl","www.mago.pl",1,"05-03-2024","HEAD OFFICE","joint-stock company",1989,"LIMITED","3101Z","N",1,"poor condition, highly probable problems with solvency.",,"31-12-2022","N","PLN",398411.69,-6375.92,-4645.53,428,,105880.92,123846.17,123929.97,31202.57,74594.55,45390.35,-83.8,1,-1.6,-2.78,2.08,1.66,29204.2
36594,36592,5211579028,"Scania Finance Polska Sp. z o.o.",,"012244299",,,"Al. Katowicka 316",,,"Stara Wieś",,"05-830","Mazowieckie","PL","4822 3560230",,"mail@scania.pl","www.scania.com/pl",1,"08-08-2023","HEAD OFFICE","limited liability company",1997,"LIMITED","6491Z","Y",2,"moderate condition, probable temporary problems with solvency or keeping the delivery dates.",500,"31-12-2022","N","PLN",142211,43107,35198,55,,1593889,780741,895321,1208160,271149,261149,-114580,0.87,30.31,1.82,7.76,3.3,10000
97680,33721,7641796232,"Altvater Piła Sp. z o.o.",,"570302283",,,"Łączna 4a",,,"Piła",,"64-920","Wielkopolskie","PL","4867 2124352 wew. 3",,"altvater_pila@vedia-es.pl","www.altvater.pl",1,"13-09-2023","HEAD OFFICE","limited liability company",1997,"LIMITED","3811Z","Y",3,"acceptable condition, the company does not reveal significant problems.",2900,"31-12-2022","N","PLN",104102.5,18312.26,14883.21,269,,110441.93,27844.07,65149.26,45620.33,27516.41,18229.61,-37305.19,0.43,17.59,13.24,4.03,2.37,9286.8
66651,40533,6150024146,"Citronex I Sp. z o.o.",,"230069410",,,"Bohaterów II Armii Wojska Polskiego 64",,,"Zgorzelec",,"59-900","Dolnośląskie","PL","4875 7721940",,"info@citronex.pl","www.citronex.pl",1,"05-03-2024","HEAD OFFICE","limited liability company",1993,"LIMITED","4631Z","Y",4,"good condition, debts and liabilities are settled on time, promising prospects for the further development.",4600,"31-12-2022","N","PLN",986499.19,46590.43,40074.46,338,,211734.43,325622.85,170724.75,36064.9,330567.62,318067.62,154898.1,1.91,4.72,8.67,0.63,0.52,12500
27088,39948,5272162127,"Domański Zakrzewski Palinka sp.k.",,"013160890",,,"Rondo Organizacji Narodów Zjednoczonych 1 lok. 22 Piętro",,,"Warszawa",,"00-124","Mazowieckie","PL","4822 5577600",,"dzp@dzp.pl","www.dzp.pl",1,"28-05-2024","HEAD OFFICE","limited partnership",1993,"LIMITED","6910Z","Y",3,"acceptable condition, the company does not reveal significant problems.",3900,"31-12-2023","N","PLN",127576.89,37449.13,29884,160,,13126.12,35387.35,29855.1,1563.18,17095.2,3520.2,5532.26,1.19,29.35,77.19,1.84,1.75,13575
85349,41562,8571008016,"Sandra J.Zalewski i Spółka sp.j.",,"812442100",,,"Wojska Polskiego 3",,,"Pogorzelica",,"72-350","Zachodniopomorskie","PL","4891 4814700",,"sandrapl@home.pl","www.sandra.ta.pl",1,"02-01-2024","HEAD OFFICE","general partnership",1996,"LIMITED","5510Z","N",3,"acceptable condition, the company does not reveal significant problems.",,"31-12-2021","N","PLN",59611.81,33212.42,33212.42,178,,58012.11,4829.04,10438.75,16989.63,35412.77,35409.27,-5609.71,0.46,55.71,52.85,0.77,0.29,3.5
48642,37917,5782706307,"Przedsiębiorstwo Komunikacji Samochodowej w Elblągu Sp. z o.o.",,"170919369",,,"Aleja Grunwaldzka 61",,,"Elbląg",,"82-300","Warmińsko-mazurskie","PL","4855 2396222",,"pks@pks.elblag.pl","www.pks.elblag.pl",1,"28-05-2024","HEAD OFFICE","limited liability company",2000,"LIMITED","4939Z","Y",4,"good condition, debts and liabilities are settled on time, promising prospects for the further development.",1200,"31-12-2023","N","PLN",56876.52,5223.95,4197.77,249,,23462.49,18602.22,5244.26,,36820.45,34590.45,13357.96,3.55,9.18,12.42,0.14,0.14,2230
50796,36939,5212765454,"JBD S.A.",,"012853986",,,"Ks. Bp. Wincentego Tymienieckiego 25c lok. 314",,,"Łódź",,"90-350","Łódzkie","PL","4842 6300234",,"jbd@jbd.com.pl","www.jbd.com.pl",1,"18-07-2023","HEAD OFFICE","joint-stock company",2001,"LIMITED","4690Z","Y",3,"acceptable condition, the company does not reveal significant problems.",220,"31-12-2022","N","PLN",37183.99,908.98,692.75,14,,3218.01,20780.36,14267.86,,9730.51,9230.51,6512.5,1.46,2.44,3.79,1.47,1.47,500
,37097,7393033097,"Uniwersytet Warmińsko-Mazurski w Olsztynie",,"510884205",,,"M. Oczapowskiego 2",,,"Olsztyn",,"10-719","Warmińsko-mazurskie","PL","4889 5233330",,"br@uwm.edu.pl","www.uwm.edu.pl",1,"11-07-2023","HEAD OFFICE","State organizational unit",1999,"NON LIMITED","8542Z","N",,"",,"31-12-2022","N","PLN",474635.35,30918.44,30821.16,,,714615.5,291989.81,310419.54,909.58,695276.2,64032.36,-18429.72,0.94,6.51,3.07,0.45,0.45,631243.84
519553,37169,7772304755,"Eurocash Serwis Sp. z o.o.",,"631255378",,,"Wiśniowa 11",,,"Komorniki",,"62-052","Wielkopolskie","PL","4861 6513300 - 2",,"kontakt.ecserwis@eurocash.pl","serwis.grupaeurocash.pl",1,"05-09-2023","HEAD OFFICE","limited liability company",1998,"LIMITED","4635Z","Y",3,"acceptable condition, the company does not reveal significant problems.",5000,"31-12-2022","N","PLN",9875367.25,43609.68,34223.31,1004,,21359.19,853260.31,748812.86,,125806.64,113076.74,104447.45,1.14,0.44,4.99,5.95,5.95,12729.9
11534,54514,7640001360,"Miralex Sp. z o.o.",,"004610793",,,"Lotnicza 4",,,"Piła",,"64-920","Wielkopolskie","PL","4867 2126780",,"miralex@miralex.pl","www.miralex.pl",1,"21-05-2024","HEAD OFFICE","limited liability company",1990,"LIMITED","4646Z","Y",4,"good condition, debts and liabilities are settled on time, promising prospects for the further development.",1800,"31-12-2022","N","PLN",80814.38,9726.78,7922.08,58,,39477.78,43763.11,21394.12,1271.46,60575.31,60349.19,22369,2.05,12.04,11.69,0.37,0.35,226.13
284694,62814,5272324541,"Medicofarma S.A.",,"012250271",,,"Sokołowska 9 lok. U19",,,"Warszawa",,"01-142","Mazowieckie","PL","4822 6539322",,"biuro@medicofarma.pl","www.medicofarma.pl",1,"24-10-2023","HEAD OFFICE","joint-stock company",1996,"LIMITED","2120Z","Y",2,"moderate condition, probable temporary problems with solvency or keeping the delivery dates.",500,"31-12-2022","N","PLN",55964.76,204.74,204.74,143,,102074.45,26708.38,45765.01,21330.65,61687.17,40687.17,-19056.63,0.58,0.37,0.16,1.09,0.74,21000
170922,66911,7282379243,"KOLOR METAL Tadeusz Pacyna Sp. z o.o.",,"472762508",,,"Trembeckiego 7",,,"Rzeszów",,"35-234","Podkarpackie","PL","48 502345105",,"lodz@kolormetal.pl","www.kolormetal.pl",5,"13-02-2024","HEAD OFFICE","limited liability company",2000,"LIMITED","4677Z","N",,"",,"31-12-2015","N","PLN",14529.22,237.74,237.74,,,1.01,47117.4,16604.81,13060.3,17453.3,9841.3,30512.59,2.84,1.64,0.5,1.7,0.95,7612
31622,65624,9590925872,"Przedsiębiorstwo Gospodarki Mieszkaniowej Sp. z o.o. w Kielcach",,"290760306",,,"Panoramiczna 2 lok. \"I\"",,,"Kielce",,"25-503","Świętokrzyskie","PL","4841 3686121",,"biuro@pgm.kielce.pl","www.pgm.kielce.pl",1,"29-08-2023","HEAD OFFICE","limited liability company",1996,"LIMITED","6832Z","Y",3,"acceptable condition, the company does not reveal significant problems.",300,"31-12-2022","N","PLN",4370.56,215.45,215.45,42,,4767.58,1345.74,2922.7,339.02,2851.59,408.09,-1576.96,0.46,4.93,3.52,1.14,1.02,2443.5
305285,64859,7712436996,"Buszrem S.A.",,"590757832",,,"Żwirki 9",,,"Piotrków Trybunalski",,"97-300","Łódzkie","PL","4844 6473197",,"buszrem@buszrem.pl","www.buszrem.com.pl",1,"08-08-2023","HEAD OFFICE","joint-stock company",2000,"LIMITED","2361Z","Y",4,"good condition, debts and liabilities are settled on time, promising prospects for the further development.",2500,"31-12-2022","N","PLN",116712.1,15539.17,12063.77,198,,95182.47,49579.69,31665.15,15107.15,97989.85,93647.85,17914.54,1.57,13.31,10.73,0.48,0.32,4342
36656,75263,5262153084,"Egis Poland Sp. z o.o.",,"012926952",,,"Marynarska 15",,,"Warszawa",,"02-674","Mazowieckie","PL","4822 2030100",,"biuro.poland@egis-group.com","www.egis-group.com",1,"25-06-2024","HEAD OFFICE","limited liability company",1998,"LIMITED","7112Z","Y",4,"good condition, debts and liabilities are settled on time, promising prospects for the further development.",2700,"31-12-2022","N","PLN",82907.7,10693,9222.62,,,7876.52,79097.01,75947.61,390.47,10635.45,-6467.55,3149.4,1.04,12.9,12.29,7.18,7.14,17103
75996,87240,6310020661,"Marani Sp. z o.o.",,"272036412",,,"Szybowa 14 C",,,"Zabrze",,"41-808","Śląskie","PL","4832 2740113 - 16",,"marani@marani.pl","www.marani.pl",1,"08-08-2023","HEAD OFFICE","limited liability company",1993,"LIMITED","2011Z","Y",3,"acceptable condition, the company does not reveal significant problems.",520,"31-12-2022","N","PLN",32406.99,2599.96,2079.37,82,,28224.44,25421.11,21541.21,6098.44,26005.91,25935.41,3879.9,1.18,8.02,4.85,1.06,0.83,70.5
5489,505489,5890008072,"Firma Handlowa Kolanko sp.j. Marek Papierski Janusz Skawiński",,"190783368",,,"Oliwska 72",,,"Chwaszczyno",,"80-209","Pomorskie","PL","4858 3450981",,"biuro@kolanko.com.pl","www.kolanko.pl",1,"11-06-2024","HEAD OFFICE","general partnership",1993,"LIMITED","4673Z","Y",2,"moderate condition, probable temporary problems with solvency or keeping the delivery dates.",500,"31-12-2023","N","PLN",5336.81,56.52,56.52,36,,6794.56,2474.59,1921.14,280,7068.01,56.52,553.45,1.29,1.06,0.61,0.31,0.27,7011.49
76120,576120,7282425871,"Topo Wind Energia S.A.",,"472945976",,,"Sobieskiego 99 lok. 69",,,"Warszawa",,"00-763","Mazowieckie","PL","",,"","",1,"08-03-2022","HEAD OFFICE","joint-stock company",2002,"LIMITED","3511Z","N",,"",,"31-12-2010","N","PLN",381.8,1.95,1.58,,,726.97,1164.22,575.77,821.33,494.08,-5.92,588.45,2.02,0.51,0.1,2.83,1.17,500
909652,586990,6340126625,"Infosystem Towarzystwo Techniki Biurowej Sp. z o.o.",,"270548378",,,"Mikołaja Kopernika 26",,,"Katowice",,"40-064","Śląskie","PL","4832 3520250",,"jan.twardowski@kopernika26.pl","www.kopernika26.pl",1,"22-08-2023","HEAD OFFICE","limited liability company",2002,"LIMITED","6810Z","Y",3,"acceptable condition, the company does not reveal significant problems.",90,"31-12-2022","N","PLN",744.51,344.37,344.37,1,,2308.08,1676.52,,,2304.46,,,,46.25,8.64,,,120.15
98312,598312,5832770923,"Dierre Północ Sp. z o.o.",,"192638937",,,"Jabłoniowa 20 lok. 215",,,"Gdańsk",,"80-175","Pomorskie","PL","4858 7634481",,"gdansk@dierre.com.pl","www.dierre.com.pl",1,"05-09-2023","HEAD OFFICE","limited liability company",2002,"LIMITED","4332Z","Y",3,"acceptable condition, the company does not reveal significant problems.",170,"31-12-2022","N","PLN",8802.41,945.89,766.15,10,,1430.28,11180.98,6207.64,,6403.62,6343.62,4973.34,1.8,10.75,7.5,0.97,0.97,60
110885,610885,8961320158,"Mystic.Garden - Sp. z o.o.",,"932780545",,,"Krynicka 66 lok. 6",,,"Wrocław",,"50-555","Dolnośląskie","PL","4871 3425941",,"askom@askom.pl","www.askom.pl",5,"25-07-2023","HEAD OFFICE","limited liability company",2002,"LIMITED","4690Z","N",,"",,"","","PLN",,,,,,,,,,,,,,,,,,
106226,606226,5221019064,"Polchip Sp. z o.o. w likwidacji",,"011133557",,,"Płochocińska 65",,,"Warszawa",,"03-044","Mazowieckie","PL","4822 6448808",,"info@polchip.com.pl","www.polchip.com.pl",4,"28-11-2023","HEAD OFFICE","limited liability company",1995,"LIMITED","3320Z","N",,"",,"31-12-2012","N","PLN",2605.69,148.44,134.62,,,1449.26,2324.93,1814.25,47.63,1912.31,1858.31,510.68,1.28,5.7,3.93,0.97,0.95,54
151333,651333,9372012375,"Kombi, Sp. z o.o.",,"070834179",,,"Żeglarska 7",,,"Zarzecze",,"34-326","Śląskie","PL","4833 8611598",,"kombi@kombi.com.pl","www.kombi.com.pl",1,"13-02-2024","HEAD OFFICE","limited liability company",1997,"LIMITED","6820Z","Y",3,"acceptable condition, the company does not reveal significant problems.",1400,"31-12-2022","N","PLN",3210.32,6505.48,6172.12,6,,29213.54,252.58,478.4,17339,11648.71,11083.71,-225.82,0.53,202.64,22.08,1.53,0.04,565
155886,655886,9930332959,"Uniroll Sp. z o.o.",,"852651568",,,"Kwiatkowskiego lok. 8",,,"Tarnów",,"33-101","Małopolskie","PL","4814 6373805",,"biuro@uniroll.pl","www.uniroll.pl",1,"02-01-2024","HEAD OFFICE","limited liability company",2002,"LIMITED","5221Z","N",0,"very severe condition (i.e. a direct threat of bankruptcy).",,"31-12-2021","N","PLN",0,-0.93,-0.93,1,,66.45,1105.01,59.69,,1111.76,1061.76,1045.32,18.51,,-0.08,0.05,0.05,50
154855,654855,5482394111,"Stawac Sp. z o.o.",,"072826770",,,"Przemysłowa 23",,,"Rzeszów",,"35-105","Podkarpackie","PL","4832 6725350",,"","",1,"27-09-2023","HEAD OFFICE","limited liability company",2003,"LIMITED","2562Z","Y",3,"acceptable condition, the company does not reveal significant problems.",30,"31-12-2022","N","PLN",1280.48,118.3,107.47,10,,4.38,3386.29,2154.84,,1235.82,1185.82,1231.44,1.57,9.24,3.49,1.74,1.74,50
191517,691517,6652677252,"MBW Tax & Audit Sp. z o.o.",,"311610002",,,"Grunwaldzka 115",,,"Poznań",,"60-313","Wielkopolskie","PL","4861 2787000",,"sekretariat@mbwnet.pl","www.mbwnet.pl",1,"28-05-2024","HEAD OFFICE","limited liability company",2004,"LIMITED","6920Z","Y",3,"acceptable condition, the company does not reveal significant problems.",30,"31-12-2022","N","PLN",3580.04,129.01,122.66,29,,184.92,950.27,749.14,281.35,104.7,44.7,201.13,1.27,3.6,11.36,9.84,7.16,60
206758,706758,6410009802,"Eureca Group Sp. z o.o.",,"003526990",,,"Jana III Sobieskiego 16",,,"Tarnowskie Góry",,"42-600","Śląskie","PL","4832 7673514",,"it@eureca.pl","www.eureca.pl",1,"05-09-2023","HEAD OFFICE","limited liability company",1990,"LIMITED","6209Z","N",1,"poor condition, highly probable problems with solvency.",,"31-12-2022","N","PLN",-0.05,-16.6,-16.6,,,34,31316.95,27719.98,,3630.97,3580.97,3596.97,1.13,36247.37,-0.05,7.63,7.63,50
208047,708047,8992507372,"Praca Tymczasowa Oddział Boleszkowice Sp. z o.o.",,"933002152",,,"Poznańska 10 lok. 3",,,"Boleszkowice",,"74-407","Zachodniopomorskie","PL","4871 3384263",,"biuro@epser.com","www.epser.com",5,"16-04-2024","HEAD OFFICE","limited liability company",2004,"LIMITED","0161Z","N",,"",,"31-12-2018","N","PLN",938.67,126.19,98.68,,,2.5,2230.06,2273.16,,-40.6,-86.1,-43.1,0.98,13.44,5.65,-55.99,-55.99,45.5
228092,728092,1132529620,"Magis Travel Sp. z o.o.",,"140012262",,,"Ostrobramska 101 lok 335K",,,"Warszawa",,"04-041","Mazowieckie","PL","4822 3316090",,"info@magistravel.pl","www.magistravel.pl/en",1,"12-05-2020","HEAD OFFICE","limited liability company",2005,"LIMITED","7911A","N",,"",,"31-12-2013","N","PLN",1474.72,24.82,16.66,,,,926.98,709.01,,217.96,17.96,217.96,1.31,1.68,2.68,3.25,3.25,200
534162,733697,5422923014,"Sp. z o.o. Szmaragdowa Kamienica sp.k.",,"200014674",,,"Wały Piastowskie 1 lok. 1508",,,"Gdańsk",,"80-855","Pomorskie","PL","4885 7420028",,"","",1,"29-08-2023","HEAD OFFICE","limited partnership",2005,"LIMITED","6820Z","Y",3,"acceptable condition, the company does not reveal significant problems.",120,"31-12-2022","N","PLN",1097.73,212.15,191.91,2,,4550.53,2383.86,1020.2,1430.27,4483.91,3763.91,1363.65,2.34,19.33,3.06,0.55,0.23,720
236939,736939,5621702416,"Bakerfix Sp. z o.o.",,"340052634",,,"Fabryczna 9",,,"Żnin",,"88-400","Kujawsko-pomorskie","PL","4852 3031109",,"biuro@bakerfix.pl","www.bakerfix.pl",1,"11-06-2024","HEAD OFFICE","limited liability company",2005,"LIMITED","2893Z","Y",4,"good condition, debts and liabilities are settled on time, promising prospects for the further development.",220,"31-12-2023","N","PLN",3942.11,1156.01,1028.44,2,,183.84,4761.53,534.52,,4410.86,4360.86,4227.02,8.91,29.32,23.38,0.12,0.12,50
250330,750330,5252365494,"Nexio Management Sp. z o.o.",,"140415801",,,"Puławska 182",,,"Warszawa",,"02-670","Mazowieckie","PL","4822 2441350",,"biuro@nexio.pl","www.nexio.pl",1,"20-02-2024","HEAD OFFICE","limited liability company",2005,"LIMITED","6201Z","Y",4,"good condition, debts and liabilities are settled on time, promising prospects for the further development.",1400,"31-12-2022","N","PLN",125719.58,6185.63,6290.99,146,,10330.86,36711.41,17790.76,,29251.52,29181.92,18920.66,2.06,4.92,13.15,0.61,0.61,69.6
270805,770805,5170200143,"Moto-Hurt S.A.",,"180191262",,,"Krakowska 150 B",,,"Rzeszów",,"35-506","Podkarpackie","PL","4817 2218961",,"rzeszow@moto-hurt.pl","www.moto-hurt.pl",1,"05-09-2023","HEAD OFFICE","joint-stock company",2006,"LIMITED","4531Z","Y",2,"moderate condition, probable temporary problems with solvency or keeping the delivery dates.",500,"31-12-2022","N","PLN",88404.9,195.1,109.61,116,,17088.75,36869.45,20019.66,1504.03,32434.51,-5765.49,16849.79,1.84,0.22,0.36,0.66,0.62,38200
903103,801044,8992633131,"Zakrzów Ucińska sp.j.",,"020704346",,,"Racławicka 13",,,"Wrocław",,"53-149","Dolnośląskie","PL","48 501636333",,"abinvest@abinvest.eu","",1,"26-03-2024","HEAD OFFICE","general partnership",2008,"LIMITED","6820Z","Y",4,"good condition, debts and liabilities are settled on time, promising prospects for the further development.",640,"31-12-2023","N","PLN",5488.12,2979.65,2979.65,,,15924.28,1786.19,171.35,71.73,17467.39,17437.39,1614.84,10.42,54.29,16.82,0.01,0.01,30
687842,804540,8971742151,"Hattori Hanzo S.A.",,"020745859",,,"Tulipanowa 2",,,"Ślęza",,"55-040","Dolnośląskie","PL","48 722223344",,"iwona@1450.pl","",1,"21-11-2023","HEAD OFFICE","joint-stock company",2007,"LIMITED","6311Z","Y",5,"very good situation in the company, debts and liabilities are settled on time, solvency is retained, financial/material resources for R&D or implementation of new investments are available.",540,"31-12-2022","N","PLN",17495.87,2941.45,2379.77,20,,2447.64,4753.14,3014.78,,4186,3656.44,1738.36,1.58,16.81,40.85,0.72,0.72,529.55
302631,802631,5252420885,"Radcomp Integral Sp. z o.o.",,"141343682",,,"Kościerzyńska 10",,,"Wrocław",,"51-416","Dolnośląskie","PL","4822 6208902",,"biuro@unikkon.pl","www.unikkonmeble.pl",5,"29-08-2023","HEAD OFFICE","limited liability company",2008,"LIMITED","6209Z","N",,"",,"31-12-2016","N","PLN",12932.42,-280.14,-280.14,,,1290.01,7239.94,5090.63,857.61,2581.7,1266.2,2149.3,1.42,-2.17,-3.28,2.3,1.97,1315.5
312613,812613,8971745244,"Mastermet Sp. z o.o.",,"020817441",,,"Międzyrzecka 3 lok. 1",,,"Wrocław",,"50-421","Dolnośląskie","PL","48 663750864",,"biuro@mastermet.eu","www.mastermet.eu",1,"08-08-2023","HEAD OFFICE","limited liability company",2008,"LIMITED","4619Z","Y",4,"good condition, debts and liabilities are settled on time, promising prospects for the further development.",140,"31-12-2022","N","PLN",26297.95,584.16,584.16,21,,1120.9,4241.74,3773.65,78.3,1510.69,1460.69,468.09,1.12,2.22,10.89,2.55,2.5,50
314542,814542,6772316083,"Magelab Sp. z o.o.",,"120714838",,,"al. Jana Pawła II 41 L",,,"Kraków",,"31-864","Małopolskie","PL","4812 4134930",,"","",5,"13-02-2024","HEAD OFFICE","limited liability company",2008,"LIMITED","6201Z","N",,"",,"","","PLN",,,,,,,,,,,,,,,,,,
314055,814055,1181981567,"Matsuoka Motor Sp. z o.o.",,"141598293",,,"Konopnica 164e",,,"Konopnica",,"21-030","Lubelskie","PL","48 506063351",,"paulina.kajda@kp.biz.pl","matsuoka.pl",1,"27-09-2023","HEAD OFFICE","limited liability company",2008,"LIMITED","4511Z","Y",3,"acceptable condition, the company does not reveal significant problems.",1000,"31-12-2022","N","PLN",124398.72,5082.24,3992.5,58,,44943.67,47287.14,34254.91,11174.56,46801.34,46574.34,13032.23,1.38,4.09,5.51,0.97,0.73,227
322377,822377,9721190768,"Centrum Medyczne Mediraj Sp. z o.o.",,"300904710",,,"Górczyńska 17",,,"Gorzów Wielkopolski",,"66-400","Lubuskie","PL","4895 7835200",,"biuro@medi-raj.pl","www.medi-raj.pl",1,"02-01-2024","HEAD OFFICE","limited liability company",2008,"LIMITED","8621Z","N",0,"very severe condition (i.e. a direct threat of bankruptcy).",,"31-12-2021","N","PLN",5150.01,2261.68,2261.68,1,,1421.16,3373.45,7933.7,201.84,-3340.92,-10727.92,-4560.24,0.43,43.92,47.17,-2.44,-2.37,7387
318739,818739,5661965926,"APIS S.A.",,"141734419",,,"3 Maja 47 lok. 33",,,"Biłgoraj",,"23-400","Lubelskie","PL","4815 8193040",,"biuro@apissa.pl","www.apissa.pl",1,"18-06-2024","HEAD OFFICE","joint-stock company",2009,"LIMITED","4110Z","N",1,"poor condition, highly probable problems with solvency.",,"31-12-2023","N","PLN",5559.87,-2194.47,-2195.98,15,,4088.45,14704.57,11854.55,2774.49,4163.98,-5628.27,2850.03,1.24,-39.47,-11.68,3.51,2.85,9792.25
325921,825921,5213521234,"W.Aa Sp. z o.o.",,"141785658",,,"Przy Agorze 3 lok. 118",,,"Warszawa",,"01-960","Mazowieckie","PL","4822 8401530",,"","",1,"30-01-2024","HEAD OFFICE","limited liability company",2009,"LIMITED","7721Z","N",0,"very severe condition (i.e. a direct threat of bankruptcy).",,"31-12-2021","N","PLN",0,-30.71,-30.71,,,77.54,2.75,5.57,,74.72,-133.28,-2.82,0.49,,-38.25,0.07,0.07,208
331230,831230,5441517858,"Agencja Ochrony Osób i Mienia Global Security Sp. z o.o.",,"200279697",,,"11-Listopada 43",,,"Siemiatycze",,"17-300","Podlaskie","PL","48 603085352",,"","www.globalsecurity.com.pl",1,"25-06-2024","HEAD OFFICE","limited liability company",2009,"LIMITED","8010Z","Y",5,"very good situation in the company, debts and liabilities are settled on time, solvency is retained, financial/material resources for R&D or implementation of new investments are available.",60,"31-12-2023","N","PLN",4007.44,245.36,222,16,,19.83,1059.1,542.76,,536.17,436.17,516.34,1.95,6.12,22.74,1.01,1.01,100
335239,835239,8393102663,"Hyperhub Sp. z o.o.",,"220827901",,,"Modlińska 6 lok. 208",,,"Warszawa",,"03-216","Mazowieckie","PL","4822 6595420",,"","",1,"06-10-2020","HEAD OFFICE","limited liability company",2009,"LIMITED","2370Z","N",,"",,"31-12-2017","N","PLN",12080.37,-66.78,-70.82,0,,975,4066.9,5031.45,,10.45,-19.55,-964.55,0.81,-0.55,-1.32,481.51,481.51,30
340229,840229,5213544608,"Leadenhall Insurance S.A.",,"142070660",,,"Domaniewska 42",,,"Warszawa",,"02-672","Mazowieckie","PL","4822 6022330",,"kontakt@leadenhall.com","www.leadenhall.pl",1,"10-10-2023","HEAD OFFICE","joint-stock company",2009,"LIMITED","6629Z","Y",3,"acceptable condition, the company does not reveal significant problems.",90,"31-12-2022","N","PLN",21415.87,251.97,198.83,28,,5133.02,6141.96,6890.17,413.79,3971.02,3763.03,-748.21,0.89,1.18,2.23,1.84,1.74,207.99
336499,836499,8971755194,"Horsh Sp. z o.o.",,"021059267",,,"Walońska 15 lok. 2",,,"Wrocław",,"50-413","Dolnośląskie","PL","4871 7574263",,"biuro@horsh.pl","www.horsh.pl",1,"02-01-2024","HEAD OFFICE","limited liability company",2009,"LIMITED","6920Z","N",2,"moderate condition, probable temporary problems with solvency or keeping the delivery dates.",,"31-12-2021","N","PLN",2285.27,275.45,254.4,,,32.52,2854.47,,,2458.03,,,,12.05,9.54,,,35
344213,844213,7743136657,"Mm3 Sp. z o.o.",,"142098405",,,"Piękna 6",,,"Staroźreby",,"09-440","Mazowieckie","PL","48 605299616",,"biuro@mm3.pl","www.mm3.pl",1,"27-09-2023","HEAD OFFICE","limited liability company",2009,"LIMITED","4222Z","Y",4,"good condition, debts and liabilities are settled on time, promising prospects for the further development.",270,"31-12-2022","N","PLN",5947.06,1337.22,1216.87,17,,4096.57,6698.45,5276.59,32.88,5485.56,5435.56,1421.86,1.27,22.49,12.39,0.97,0.96,50
346179,846179,9522081605,"Abb Business Services Sp. z o.o.",,"142142520",,,"Żegańska 1",,,"Warszawa",,"04-713","Mazowieckie","PL","4822 5152843",,"kontakt@pl.abb.com","new.abb.com",1,"13-09-2023","HEAD OFFICE","limited liability company",2009,"LIMITED","6201Z","Y",4,"good condition, debts and liabilities are settled on time, promising prospects for the further development.",3500,"31-12-2022","N","PLN",870373,26083,27603,2043,,19743,272173,261561,1218,29137,29113,10612,1.04,3,8.94,9.02,8.98,24
352528,852528,5272731708,"Francuski Smak Sp. z o.o.",,"142318114",,,"Jeziorna 80",,,"Kazuń Polski",,"05-152","Mazowieckie","PL","48 605169588",,"","",1,"30-04-2024","HEAD OFFICE","limited liability company",2010,"LIMITED","5610A","N",2,"moderate condition, probable temporary problems with solvency or keeping the delivery dates.",,"31-12-2022","N","PLN",11701.57,438.14,438.14,14,,379.22,1336.48,1913.45,,-197.76,-297.76,-576.98,0.7,3.74,25.54,-9.68,-9.68,100
349401,849401,5732793959,"Epsilon Development Sp. z o.o.",,"241503697",,,"Narwik 17 lok. 38",,,"Warszawa",,"01-471","Mazowieckie","PL","",,"","",1,"02-04-2024","HEAD OFFICE","limited liability company",2010,"LIMITED","4120Z","N",0,"very severe condition (i.e. a direct threat of bankruptcy).",,"31-12-2023","N","PLN",0,-0.1,-0.1,0,,0,354.95,,320,34.95,24.95,354.95,,,-0.03,9.16,,10
374207,874207,5252495848,"Interim A Sp. z o.o.",,"142737590",,,"al. Wilanowska 7 A lok. 32",,,"Warszawa",,"02-765","Mazowieckie","PL","",,"","",1,"07-09-2021","HEAD OFFICE","limited liability company",2010,"LIMITED","7740Z","N",,"",,"30-11-2018","N","PLN",,,,,,11540.72,10653.81,241.46,,21953.07,-762.02,10412.35,44.12,,,0.01,0.01,22715.09
381287,881287,9522105435,"Arts Alliance S.A.",,"142866991",,,"Puławska 2",,,"Warszawa",,"02-566","Mazowieckie","PL","4822 6158218",,"kontakt@artsalliance.pl","www.artsalliance.pl",1,"18-06-2024","HEAD OFFICE","joint-stock company",2011,"LIMITED","6209Z","N",1,"poor condition, highly probable problems with solvency.",,"31-12-2023","N","PLN",,-1250,-1250,1,,491,3608,1875,488,1736,1591,1733,1.92,,-30.5,1.36,1.08,145
381029,881029,5322032439,"Lk Resorts Sp. z o.o.",,"142851080",,,"Nadmeńska 9",,,"Kobyłka",,"05-230","Mazowieckie","PL","",,"","",1,"04-10-2022","HEAD OFFICE","limited liability company",2011,"LIMITED","5520Z","N",,"",,"31-12-2019","N","PLN",695.21,185.23,165.15,4,,4674.41,801.6,618.93,4114.44,742.63,692.63,182.67,1.3,26.64,3.38,6.37,0.83,50
383095,883095,7811864330,"PNP Agrofactor Sp. z o.o.",,"301716211",,,"Wichrowa 1 A",,,"Poznań",,"60-449","Wielkopolskie","PL","48 605760428",,"","",5,"08-02-2022","HEAD OFFICE","limited liability company",2011,"LIMITED","4631Z","N",,"",,"31-12-2016","N","PLN",150.83,-74.66,-74.66,,,3684.85,1202.43,1159.35,3101.86,626.07,621.07,43.08,1.04,-49.5,-1.53,6.81,1.85,5
389798,889798,8133658205,"Galeria Carpatia Sp. z o.o.",,"180711483",,,"Grzybowska 87",,,"Warszawa",,"00-844","Mazowieckie","PL","4817 8523810",,"sekretariat@igbcarpatia.pl","www.igbcarpatia.pl",1,"27-09-2023","HEAD OFFICE","limited liability company",2011,"LIMITED","4120Z","N",1,"poor condition, highly probable problems with solvency.",,"31-12-2022","N","PLN",180.02,-148.6,-148.6,,,9014.31,3967.15,,,11046.73,,,,-82.54,-1.14,,,18270
395638,895638,8971778901,"Krajowe Centrum Pracy Sp. z o.o.",,"021704578",,,"Sienna 75",,,"Warszawa",,"00-833","Mazowieckie","PL","4871 3710900",,"work@workservice.pl","www.workservice.pl",1,"28-05-2024","HEAD OFFICE","limited liability company",2011,"LIMITED","7810Z","N",0,"very severe condition (i.e. a direct threat of bankruptcy).",,"31-12-2022","N","PLN",68.59,-149.17,-149.17,24,,,9659.44,18522.07,,-8862.64,-12512.59,-8862.64,0.52,-217.48,-1.54,-2.09,-2.09,3649.95
402153,902153,6423178458,"Polcab N. Gamoń sp.j.",,"242807353",,,"Sosnowa 5",,,"Rybnik",,"44-203","Śląskie","PL","4832 4229775",,"michal@polcab.com","www.polcab.com/pl",1,"05-09-2023","HEAD OFFICE","general partnership",2011,"LIMITED","4941Z","Y",4,"good condition, debts and liabilities are settled on time, promising prospects for the further development.",2300,"31-12-2022","N","PLN",37130.25,6062.1,6062.1,43,,31900.65,21881.21,6696.33,1289.68,45795.84,33304.52,15184.88,3.27,16.33,11.27,0.17,0.15,12491.33
397058,897058,7010314442,"Westa Construction Sp. z o.o.",,"145720526",,,"Aleja Jana Chrystiana Szucha 8",,,"Warszawa",,"00-582","Mazowieckie","PL","4822 5258444",,"","",1,"06-10-2020","HEAD OFFICE","limited liability company",2011,"LIMITED","6820Z","N",,"",,"31-12-2017","N","PLN",2180.63,-4334.48,-4334.48,23,,241.45,6922.61,748.42,110.02,6305.62,-3444.48,6174.19,9.25,-198.77,-60.5,0.14,0.12,9750.1
416187,916187,7282789805,"Ubezpieczenia i Finanse Sp. z o.o.",,"101403760",,,"Zakładowa 56 lok. 18a",,,"Łódź",,"92-402","Łódzkie","PL","4842 6706126",,"p.bernaciak@gmail.com","",1,"19-09-2023","HEAD OFFICE","limited liability company",2012,"LIMITED","6622Z","Y",2,"moderate condition, probable temporary problems with solvency or keeping the delivery dates.",8,"31-12-2022","N","PLN",369.65,2.32,2.32,6,,18.18,526.9,502.46,,42.62,37.62,24.44,1.05,0.63,0.43,11.79,11.79,5
412989,912989,6462927473,"Cis Strefa Sp. z o.o.",,"242873108",,,"Katowicka 20",,,"Tychy",,"43-100","Śląskie","PL","",,"","",1,"11-07-2023","HEAD OFFICE","limited liability company",2012,"LIMITED","6820Z","N",2,"moderate condition, probable temporary problems with solvency or keeping the delivery dates.",,"31-12-2022","N","PLN",,33.27,33.27,0,,53,48.3,,35,66.3,39.3,48.3,,,32.84,0.53,,27
424505,924505,7252060985,"Dusoleil Sp. z o.o.",,"101425862",,,"Starorudzka 10b",,,"Łódź",,"93-418","Łódzkie","PL","48 788008478",,"biuro@dusoleil.pl","dusoleil.pl",1,"25-06-2024","HEAD OFFICE","limited liability company",2012,"LIMITED","4791Z","N",1,"poor condition, highly probable problems with solvency.",,"31-12-2023","N","PLN",307.97,-232.57,-232.57,0,,768.74,1413.88,1258.94,,923.69,823.69,154.94,1.12,-75.52,-10.66,1.36,1.36,100
1003746,924858,6652989371,"Biomasa Partner Group S.A.",,"302142730",,,"Bursztynowa 37",,,"Modła Królewska",,"62-571","Wielkopolskie","PL","4863 2455929",,"biuro@biomasapartner.pl","www.biomasapartner.pl",1,"02-01-2024","HEAD OFFICE","joint-stock company",2012,"LIMITED","4673Z","N",3,"acceptable condition, the company does not reveal significant problems.",,"31-12-2021","N","PLN",134938.39,4970.31,4456.38,198,,25088.51,21369.53,24711.67,9782.63,11963.74,9963.74,-3342.14,0.86,3.68,10.7,2.88,2.07,2000
436389,936389,9671355663,"SOFTBLUE S.A.",,"341338798",,,"Jana Zamoyskiego 2 lok. B",,,"Bydgoszcz",,"85-063","Kujawsko-pomorskie","PL","4852 3212802",,"softblue@softblue.pl","www.softblue.pl",1,"18-06-2024","HEAD OFFICE","joint-stock company",2012,"LIMITED","6201Z","Y",4,"good condition, debts and liabilities are settled on time, promising prospects for the further development.",1900,"31-12-2023","N","PLN",26523.79,3626.44,3626.44,58,,60234,20071.7,10752.07,1737.87,67815.75,57865.5,9319.62,1.87,13.67,4.52,0.18,0.16,9950.25
444592,944592,7010363618,"Billon Sp. z o.o.",,"146470190",,,"Waliców 11",,,"Warszawa",,"00-851","Mazowieckie","PL","",,"biuro@billon.info","www.billon.info",1,"28-05-2024","HEAD OFFICE","limited liability company",2012,"LIMITED","6201Z","Y",3,"acceptable condition, the company does not reveal significant problems.",230,"31-12-2023","N","PLN",4270.21,772.54,772.54,7,,24980.95,6852.16,2908.17,3227.91,25697.03,25660.48,3943.99,2.36,18.09,2.43,0.24,0.11,36.55
449737,949737,6762461932,"Promotraffic Sp. z o.o.",,"122776631",,,"Wadowicka 8a",,,"Kraków",,"30-415","Małopolskie","PL","4812 3070705",,"biuro@promotraffic.pl","promotraffic.pl",1,"25-06-2024","HEAD OFFICE","limited liability company",2013,"LIMITED","7312C","Y",3,"acceptable condition, the company does not reveal significant problems.",110,"31-12-2023","N","PLN",21979.26,676.48,477.16,22,,685.31,5825.85,4470.37,,2040.78,1983.63,1355.47,1.3,3.08,10.39,2.19,2.19,57.15
456212,956212,8762458687,"Megatransport Sp. z o.o.",,"341410308",,,"Węgrowo 13",,,"Węgrowo",,"86-300","Kujawsko-pomorskie","PL","4856 4637476",,"wanexs@poczta.fm","",1,"29-08-2023","HEAD OFFICE","limited liability company",2013,"LIMITED","4941Z","Y",2,"moderate condition, probable temporary problems with solvency or keeping the delivery dates.",30,"31-12-2022","N","PLN",19839.46,78.3,60.8,32,,1691.72,4823.39,6099,217,199.11,189.11,-1275.61,0.79,0.39,1.2,31.72,30.63,10
459078,959078,5213645686,"Social Wifi Sp. z o.o.",,"146583215",,,"Aleja Jana Pawła II 22",,,"Warszawa",,"00-133","Mazowieckie","PL","48 730900062",,"kontakt@socialwifi.com","www.socialwifi.com",1,"19-09-2023","HEAD OFFICE","limited liability company",2013,"LIMITED","6201Z","Y",4,"good condition, debts and liabilities are settled on time, promising prospects for the further development.",50,"31-12-2022","N","PLN",1727.54,178.62,161.82,2,,86.01,849.94,621.68,,314.28,120.28,228.27,1.37,10.34,19.08,1.98,1.98,194
463879,963879,6762465137,"Agrocentrum Sp. z o.o.",,"122860426",,,"Półłanki 80",,,"Kraków",,"30-740","Małopolskie","PL","48 537449229",,"biuro@agrocentrum.info","agrocentrum.info",5,"25-07-2023","HEAD OFFICE","limited liability company",2013,"LIMITED","5224C","N",,"",,"31-12-2017","N","PLN",225.84,15.58,12.62,,,25,19.26,38.3,,5.96,-19.04,-19.04,0.5,6.9,35.2,6.43,6.43,25
466821,966821,5223007154,"Jumptsl Sp. z o.o.",,"146749265",,,"Konstantego Ildefonsa Gałczyńskiego 4 lok. 901",,,"Warszawa",,"00-362","Mazowieckie","PL","",,"","",1,"04-10-2022","HEAD OFFICE","limited liability company",2013,"LIMITED","5229C","N",,"",,"31-12-2019","N","PLN",203.62,20.32,20.32,2,,0.1,25.47,34.72,,-9.15,-14.15,-9.25,0.73,9.98,79.45,-3.79,-3.79,5
483439,983439,8992747998,"Grass Roots Network Sp. z o.o.",,"022277760",,,"al. Dębowa 21 lok. 4",,,"Wrocław",,"53-121","Dolnośląskie","PL","4871 7948230",,"","",1,"26-03-2024","HEAD OFFICE","limited liability company",2013,"LIMITED","6399Z","N",2,"moderate condition, probable temporary problems with solvency or keeping the delivery dates.",,"31-12-2022","N","PLN",0,565.44,565.44,,,1916,7.18,1258.7,200,464.48,364.48,-1251.52,0.01,,29.4,3.14,2.71,100
482638,982638,8992748058,"Idea Finans Sp. z o.o.",,"022282694",,,"Grzybowska 87",,,"Warszawa",,"00-844","Mazowieckie","PL","48 609000071",,"info@ideafinans.pl","",1,"21-07-2020","HEAD OFFICE","limited liability company",2013,"LIMITED","6820Z","N",,"",,"","","PLN",,,,,,,,,,,,,,,,,,
489490,989490,5213662472,"Meble Olimp Sp. z o.o.",,"146975270",,,"Domaniewska 47 lok. 10",,,"Warszawa",,"02-672","Mazowieckie","PL","48 600457946",,"jb@jakwdomu.pl","www.jakwdomu.pl",1,"25-06-2024","HEAD OFFICE","limited liability company",2013,"LIMITED","4759Z","N",0,"very severe condition (i.e. a direct threat of bankruptcy).",,"31-12-2023","N","PLN",1454.51,25.46,23.16,9,,,2003.71,2606.22,,-602.51,-607.51,-602.51,0.77,1.75,1.27,-4.33,-4.33,5
485868,985868,7773234347,"Tempo Sp. z o.o.",,"302577830",,,"Józefa Sowińskiego 49a lok. 26",,,"Poznań",,"60-284","Wielkopolskie","PL","48 792290979",,"tempo.poznan@gmail.com","www.tempo24.eu",1,"05-09-2023","HEAD OFFICE","limited liability company",2013,"LIMITED","4941Z","N",1,"poor condition, highly probable problems with solvency.",,"31-12-2022","N","PLN",,1671.34,1354.35,,,,,,,,,,,,25.16,,,
488873,988873,6912504041,"Car Store Sp. z o.o.",,"022321543",,,"Koskowice 44",,,"Koskowice",,"59-241","Dolnośląskie","PL","4876 8774800",,"info@car-store.pl","www.car-store.pl",1,"27-04-2016","HEAD OFFICE","limited liability company",2013,"LIMITED","4511Z","N",,"",,"","","PLN",,,,,,,,,,,,,,,,,,
492426,992426,5252578988,"Ln Media Sp. z o.o.",,"147055599",,,"Długa 29",,,"Warszawa",,"00-238","Mazowieckie","PL","4822 4127001",,"biuro@inmedia.pl","www.inmedia.pl",1,"07-03-2023","HEAD OFFICE","limited liability company",2013,"LIMITED","5811Z","N",,"",,"","","PLN",,,,,,,,,,,,,,,,,,
494778,994778,7831708550,"Ultrapur Sp. z o.o.",,"302629773",,,"Chwaliszewo 72 lok. 7",,,"Poznań",,"61-104","Wielkopolskie","PL","4861 4152982",,"biuro@ultrapur.pl","www.ultrapur.pl",1,"10-10-2023","HEAD OFFICE","limited liability company",2014,"LIMITED","2016Z","Y",5,"very good situation in the company, debts and liabilities are settled on time, solvency is retained, financial/material resources for R&D or implementation of new investments are available.",1000,"31-12-2022","N","PLN",74422.01,4706.1,4706.1,13,,3164.73,8523.77,2441.7,,9246.79,9046.79,6082.06,3.49,6.32,40.26,0.26,0.26,200
500954,1000954,5272711663,"Cobant Sp. z o.o. sp.k.",,"147137676",,,"al. Jana Pawła II 27",,,"Warszawa",,"00-867","Mazowieckie","PL","",,"kontakt@cobant.eu","www.cobant.eu",1,"20-02-2024","HEAD OFFICE","limited partnership",2014,"LIMITED","7219Z","N",2,"moderate condition, probable temporary problems with solvency or keeping the delivery dates.",,"31-12-2022","N","PLN",7037.92,2547.67,2346.48,15,,995.17,4349.31,2175.48,3399.39,-230.39,-240.39,2173.83,2,36.2,47.67,-24.2,-9.44,10
506414,1006414,5252588455,"Meattrade Sp. z o.o.",,"147277377",,,"Mazowiecka 11 lok. 49",,,"Warszawa",,"00-052","Mazowieckie","PL","48 888431443",,"meat@meattrade.pl","www.meattrade.pl",1,"29-08-2023","HEAD OFFICE","limited liability company",2014,"LIMITED","1013Z","Y",4,"good condition, debts and liabilities are settled on time, promising prospects for the further development.",8,"31-12-2022","N","PLN",651.47,34.23,33.84,2,,10,381.21,56.04,,335.17,330.17,325.17,6.8,5.25,8.75,0.17,0.17,5
507162,1007162,5272695987,"KBRW Sp. z o.o.",,"146748828",,,"Domaniewska 47 lok. 10",,,"Warszawa",,"02-672","Mazowieckie","PL","",,"","",5,"30-04-2024","HEAD OFFICE","limited liability company",2013,"LIMITED","6920Z","N",,"",,"31-12-2017","N","PLN",10,20.7,20.7,,,2166.39,2179.03,3614.06,261.67,469.69,-410.31,-1435.03,0.6,206.97,0.48,8.25,7.69,880
511915,1011915,5291803917,"Etb Sp. z o.o.",,"147264593",,,"Marszałkowska 80",,,"Warszawa",,"00-517","Mazowieckie","PL","",,"","",1,"30-05-2023","HEAD OFFICE","limited liability company",2014,"LIMITED","6820Z","N",,"",,"","","PLN",,,,,,,,,,,,,,,,,,
513817,1013817,7272785705,"CGO Legal Chajdas Gawlak Owczarek sp.k.",,"101335024",,,"Łąkowa 3/5",,,"Łódź",,"90-562","Łódzkie","PL","4842 6636503",,"office@ogolegal.pl","cgolegal.pl",1,"08-08-2023","HEAD OFFICE","limited partnership",2012,"LIMITED","6910Z","Y",3,"acceptable condition, the company does not reveal significant problems.",230,"31-12-2022","N","PLN",3872.75,1267.59,1145.88,7,,4.66,1147.69,1151.16,,1.2,-1.9,-3.47,1,32.73,110,960.8,960.8,3.1
517971,1017971,7962965359,"Asapon Sp. z o.o.",,"147353799",,,"Marynarska 21",,,"Warszawa",,"02-674","Mazowieckie","PL","4822 1100117",,"biuro@asapon.pl","asapon.pl",1,"18-01-2022","HEAD OFFICE","limited liability company",2014,"LIMITED","8299Z","N",,"",,"31-12-2017","N","PLN",5554.45,291.7,198.52,5,,3595.56,12796.74,15369.17,0,1023.14,923.14,-2572.42,0.83,5.25,1.78,15.02,15.02,100
520222,1020222,5170367535,"Iss Projekt Sp. z o.o.",,"181141906",,,"Geodetów 1 lok. 120",,,"Rzeszów",,"35-328","Podkarpackie","PL","",,"","",1,"14-05-2024","HEAD OFFICE","limited liability company",2014,"LIMITED","8559B","N",3,"acceptable condition, the company does not reveal significant problems.",,"31-12-2022","N","PLN",324.67,124.06,124.06,2,,0,420.4,,,216.96,,,,38.21,29.51,,,5
522644,1022644,8513177618,"Ip Holdings Poland Sp. z o.o.",,"321556832",,,"Stanisława Więckowskiego 2 lok. 3",,,"Szczecin",,"70-411","Zachodniopomorskie","PL","4891 8203298",,"biuro@meon.pl","meon.pl",1,"03-10-2023","HEAD OFFICE","limited liability company",2014,"LIMITED","7739Z","N",,"",,"31-12-2020","N","PLN",2992.44,-497.86,-497.86,11,,7560.12,4286.68,4048.1,2160.48,5638.22,638.22,238.58,1.06,-16.64,-4.2,1.1,0.72,5000
525339,1025339,5272717938,"Gopay Sp. z o.o.",,"147355255",,,"Promienna 10",,,"Warszawa",,"03-672","Mazowieckie","PL","4822 2993423",,"biuro@gopay.com.pl","gopay24.pl",1,"25-06-2024","HEAD OFFICE","limited liability company",2014,"LIMITED","6209Z","N",2,"moderate condition, probable temporary problems with solvency or keeping the delivery dates.",,"31-12-2023","N","PLN",13087.91,-251.98,-251.98,,,791.23,1247.31,1411.98,,626.55,602.15,-164.67,0.88,-1.93,-12.36,2.25,2.25,24.4
525684,1025684,5272721124,"Zao Enterprise Sp. z o.o.",,"147440506",,,"Górczewska 53",,,"Warszawa",,"01-401","Mazowieckie","PL","",,"biuro.zao@gmail.com","www.zao24.pl",1,"05-10-2021","HEAD OFFICE","limited liability company",2014,"LIMITED","2059Z","N",,"",,"31-12-2018","N","PLN",968.36,8.29,8.29,0,,114.01,1563.11,1230.88,,446.24,41.24,332.23,1.27,0.86,0.49,2.76,2.76,405
533029,1033029,7773243961,"Horizon Business Hub Sp. z o.o.",,"360217083",,,"Graniczna 19",,,"Lublin",,"20-010","Lubelskie","PL","48 609181714",,"albert.smektalski@gmail.com","",1,"16-04-2024","HEAD OFFICE","limited liability company",2014,"LIMITED","7120B","Y",3,"acceptable condition, the company does not reveal significant problems.",150,"31-12-2022","N","PLN",3118.97,697.58,667.59,5,,6837.23,2613.19,2430.42,177.44,6842.55,6837.35,182.76,1.08,22.37,7.38,0.38,0.36,5.2
538684,1038684,5213686745,"Pret Nieruchomości Sp. z o.o.",,"360633232",,,"Postępu 13",,,"Warszawa",,"02-676","Mazowieckie","PL","48 506000790",,"wydawnictwo@pret.com.pl","www.pret.com.pl",1,"27-02-2024","HEAD OFFICE","limited liability company",2015,"LIMITED","6820Z","Y",2,"moderate condition, probable temporary problems with solvency or keeping the delivery dates.",500,"31-12-2022","N","PLN",64.47,365.99,131.44,3,,25783.37,21153.94,19781.09,,42965.72,-2093.78,1372.85,1.07,567.69,0.58,0.46,0.46,45059.5
537819,1037819,6342834160,"Hyperview Sp. z o.o.",,"360225711",,,"Chorzowska 50",,,"Gliwice",,"44-100","Śląskie","PL","4832 4207354",,"sekretariat@hyperview-gl.pl","www.hyperview.pl",1,"04-06-2024","HEAD OFFICE","limited liability company",2014,"LIMITED","6201Z","N",0,"very severe condition (i.e. a direct threat of bankruptcy).",,"31-12-2023","N","PLN",4406.19,-1333.14,-1333.14,19,,370.52,741.03,2821.66,,-1710.11,-1848.11,-2080.63,0.26,-30.26,-119.94,-1.65,-1.65,138
541749,1041749,7822579946,"BGL Invest Consulting Sp. z o.o.",,"360701235",,,"Braniborska 7 lok. 2",,,"Wrocław",,"53-680","Dolnośląskie","PL","48 696468552",,"info@ready2go.com.pl","ready2go.com.pl",1,"02-01-2024","HEAD OFFICE","limited liability company",2015,"LIMITED","7022Z","N",2,"moderate condition, probable temporary problems with solvency or keeping the delivery dates.",,"31-12-2021","N","PLN",843.31,112.16,94.88,,,219.76,437.46,,,153.56,,,,13.3,17.07,,,100
558092,1058092,8393177247,"Apartamenty Sp. z o.o.",,"222182590",,,"al. 3 Maja 11",,,"Słupsk",,"76-200","Pomorskie","PL","48 505665450",,"rezerwacja@apartamenty-slupsk.pl","www.apartamenty-slupsk.pl",1,"22-08-2023","HEAD OFFICE","limited liability company",2014,"LIMITED","5520Z","Y",2,"moderate condition, probable temporary problems with solvency or keeping the delivery dates.",20,"31-12-2022","N","PLN",355.49,42.72,38.29,,,4540.48,882.34,42.81,3968.46,1411.55,1406.55,839.53,20.61,12.02,0.79,2.84,0.03,5
557235,1057235,8961543007,"Mtl Sp. z o.o.",,"361503922",,,"Łąkowa 2 B",,,"Święta Katarzyna",,"55-010","Dolnośląskie","PL","4871 8890248",,"","www.mtl.biz.pl",1,"09-01-2024","HEAD OFFICE","limited liability company",2015,"LIMITED","4941Z","N",0,"very severe condition (i.e. a direct threat of bankruptcy).",,"31-12-2022","N","PLN",33511.35,-1763.29,-1763.29,,,399.69,3804.88,14135.68,,-9931.11,-9936.11,-10330.8,0.27,-5.26,-41.94,-1.42,-1.42,5
557220,1057220,8952044428,"Medcervin Sp. z o.o.",,"361501691",,,"Marii Konopnickiej 15b",,,"Wrocław",,"51-141","Dolnośląskie","PL","4871 7360085",,"biuro@medcervin.com","www.medcervin.com",1,"22-08-2023","HEAD OFFICE","limited liability company",2015,"LIMITED","4646Z","N",1,"poor condition, highly probable problems with solvency.",,"31-12-2022","N","PLN",38.13,-203.61,-213.86,,,6398.81,256.53,,,4118.93,,,,-533.98,-3.06,,,4622
573573,1073573,7123299856,"NETRIX S.A.",,"362418868",,,"Wojciechowska 31",,,"Lublin",,"20-704","Lubelskie","PL","4881 7480834",,"biuro@netrix.com.pl","www.sa.netrix.com.pl",1,"12-03-2024","HEAD OFFICE","joint-stock company",2015,"LIMITED","7219Z","Y",4,"good condition, debts and liabilities are settled on time, promising prospects for the further development.",1100,"31-12-2022","N","PLN",23246.73,4680.14,4680.14,92,,31785.07,17685.24,27211.38,6260.8,15998.13,15798.13,-9526.14,0.65,20.13,9.46,2.09,1.7,200
570925,1070925,7543096605,"Dreman Sp. z o.o.",,"362217064",,,"Oleska 6",,,"Opole",,"45-052","Opolskie","PL","4877 5477060",,"biuro@dreman.eu","www.dreman.eu",1,"30-05-2023","HEAD OFFICE","limited liability company",2015,"LIMITED","7820Z","Y",3,"acceptable condition, the company does not reveal significant problems.",570,"31-08-2022","N","PLN",78832.25,3102.34,2491.13,138,,11334.98,20439.3,15056.3,3866.31,12881.67,12831.67,5383,1.36,3.94,9.75,1.47,1.17,50
593248,1093248,6751529603,"Inwestor Group Sp. z o.o.",,"363281495",,,"Sołtysowska 12b lok. Lu4",,,"Kraków",,"31-589","Małopolskie","PL","4812 6863056",,"finanse@inwestor.krakow.pl","www.inwestor.krakow.pl",1,"09-01-2024","HEAD OFFICE","limited liability company",2015,"LIMITED","6920Z","N",2,"moderate condition, probable temporary problems with solvency or keeping the delivery dates.",,"31-12-2022","N","PLN",70.99,-6.03,-6.03,,,232,117.33,,,300.26,,,,-8.5,-1.73,,,
598501,1098501,5862303296,"Anywhere.To Sp. z o.o.",,"363576090",,,"Trębacka 4",,,"Warszawa",,"00-074","Mazowieckie","PL","48 536533802",,"contact@anywhere.to","www.anywhere.to",1,"29-08-2023","HEAD OFFICE","limited liability company",2016,"LIMITED","3514Z","N",1,"poor condition, highly probable problems with solvency.",,"31-12-2022","N","PLN",873.58,38.83,37,,,41.91,382.23,425.35,105.94,-107.16,-113.16,-43.13,0.9,4.44,9.15,-4.96,-3.97,6
606168,1106168,7010556814,"Bts System Sp. z o.o. sp.k.",,"363905866",,,"Nowogrodzka 50 lok. 515",,,"Warszawa",,"00-695","Mazowieckie","PL","4876 8502212",,"office@btssystem.eu","www.btssystem.eu",1,"29-08-2023","HEAD OFFICE","limited partnership",2016,"LIMITED","2599Z","Y",3,"acceptable condition, the company does not reveal significant problems.",70,"31-12-2022","N","PLN",1620.37,358.05,344.99,5,,36.48,3493.13,2377.62,625.22,526.78,511.96,1115.51,1.47,22.1,10.14,5.7,4.51,14.82
945974,1103756,5223055006,"Global Metal Sp. z o.o.",,"363788188",,,"Narwik 17b lok. 25",,,"Warszawa",,"01-471","Mazowieckie","PL","48 506264111",,"dominik@globalmetal.pl","globalmetal.pl",1,"25-06-2024","HEAD OFFICE","limited liability company",2016,"LIMITED","4677Z","Y",4,"good condition, debts and liabilities are settled on time, promising prospects for the further development.",90,"31-12-2022","N","PLN",58060.98,397.21,295.89,25,,1802.93,7050.91,3219.17,3238.69,2395.98,2390.98,3831.74,2.19,0.68,4.49,2.7,1.34,5
608504,1108504,8961549659,"Dolnośląskie Centrum Logistyczne M & M Sp. z o.o.",,"364108439",,,"Wrocławska 49",,,"Długołęka",,"55-095","Dolnośląskie","PL","",,"kontakt@dcl.com.pl","",1,"21-05-2024","HEAD OFFICE","limited liability company",2016,"LIMITED","5210B","Y",5,"very good situation in the company, debts and liabilities are settled on time, solvency is retained, financial/material resources for R&D or implementation of new investments are available.",8,"31-12-2023","N","PLN",96,7.68,6.99,,,2,46.42,14.7,,33.73,23.73,31.73,3.16,8,15.86,0.44,0.44,10
606624,1106624,7010557481,"B&B Konstrukcje Sp. z o.o.",,"363923226",,,"Mokotowska 15a lok. 1b",,,"Warszawa",,"00-640","Mazowieckie","PL","48 601327413",,"","",1,"17-05-2023","HEAD OFFICE","limited liability company",2016,"LIMITED","4399Z","N",,"",,"31-12-2017","N","PLN",1151.02,275.74,233.72,,,27.56,587.23,231.95,,243.93,238.93,355.28,2.53,23.96,44.85,0.95,0.95,5
616855,1116855,7010574930,"Rsystem Sp. z o.o.",,"364394155",,,"Aleje Jerozolimskie 85 lok. 21",,,"Warszawa",,"02-001","Mazowieckie","PL","48 509354396",,"biuro@r-system.pl","",1,"22-08-2023","HEAD OFFICE","limited liability company",2016,"LIMITED","4613Z","Y",3,"acceptable condition, the company does not reveal significant problems.",60,"31-12-2022","N","PLN",4718.94,247.77,219,,,28.38,2336.88,1570.85,391.41,403,303,766.03,1.49,5.25,10.48,4.87,3.9,100
623978,1123978,5213738896,"Techlub Sp. z o.o.",,"364737359",,,"Kłobucka 23c lok. 110",,,"Warszawa",,"02-699","Mazowieckie","PL","",,"","",1,"03-10-2023","HEAD OFFICE","limited liability company",2016,"LIMITED","7022Z","N",,"",,"31-12-2020","N","PLN",,-0.71,-0.71,0,,2,0.17,,,-2.7,,,,,-32.52,,,
633228,1133228,5641789797,"Va Banque Sp. z o.o.",,"365224372",,,"Fryderyka Chopina 41 lok. 2",,,"Lublin",,"20-023","Lubelskie","PL","48 690880078",,"jakubokon@onet.eu","",1,"20-02-2024","HEAD OFFICE","limited liability company",2016,"LIMITED","4520Z","N",4,"good condition, debts and liabilities are settled on time, promising prospects for the further development.",,"31-12-2022","N","PLN",681.19,175.88,173.42,2,,0,738.3,194.38,,543.92,293.92,543.92,3.8,25.82,23.82,0.36,0.36,250
640799,1140799,7773264839,"Park Technologiczny Inventum Sp. z o.o.",,"364718037",,,"Elżbiety Drużbackiej 3 lok. 3",,,"Poznań",,"60-745","Wielkopolskie","PL","",,"","",1,"13-02-2024","HEAD OFFICE","limited liability company",2016,"LIMITED","6820Z","N",1,"poor condition, highly probable problems with solvency.",,"31-12-2022","N","PLN",0,0,0,,,9845.44,2975.43,,109.63,12711.23,12706.23,2975.43,,,0,0.01,,5
638872,1138872,5272780836,"Weco - Travel Services Sp. z o.o.",,"365481229",,,"Aleja Jana Pawła II 27",,,"Warszawa",,"00-867","Mazowieckie","PL","4822 4396800",,"","www.wecotravel.pl",1,"04-07-2023","HEAD OFFICE","limited liability company",2016,"LIMITED","7911B","Y",3,"acceptable condition, the company does not reveal significant problems.",1100,"31-12-2022","N","PLN",320527,3380,2684,116,,5915,34613,32281,125,8122,4117,2332,1.07,1.05,8.34,3.99,3.97,4005
654010,1154010,7010644317,"Animex Kutno Sp. z o.o.",,"366135080",,,"Tytusa Chałubińskiego 8",,,"Warszawa",,"00-613","Mazowieckie","PL","4824 3575900",,"biuro@animex.pl","www.animex.pl",1,"06-02-2024","HEAD OFFICE","limited liability company",2016,"LIMITED","1011Z","Y",4,"good condition, debts and liabilities are settled on time, promising prospects for the further development.",4700,"31-12-2022","N","PLN",1282604.59,49782.72,44861.03,1050,,414570.33,211562.38,215262.84,451.07,410418.81,408468.36,-3700.46,0.98,3.88,7.95,0.53,0.52,1950.45
666136,1166136,7252185505,"Kuoo Tamizo Sp. z o.o.",,"366661962",,,"Tramwajowa 17b lok. U14",,,"Łódź",,"90-132","Łódzkie","PL","48 608512222",,"kasia@kuoo.pl","www.minimall.one",1,"25-06-2024","HEAD OFFICE","limited liability company",2017,"LIMITED","4759Z","Y",3,"acceptable condition, the company does not reveal significant problems.",9,"31-12-2023","N","PLN",1841.92,43.25,35.5,2,,1,695.86,526.92,,169.94,164.94,168.94,1.32,2.35,6.21,3.1,3.1,5
666428,1166428,6653006264,"Im Caganowscy Sp. z o.o.",,"366712323",,,"Długosza 16",,,"Posada",,"62-530","Wielkopolskie","PL","48 601759598",,"","",1,"13-09-2023","HEAD OFFICE","limited liability company",2017,"LIMITED","4941Z","Y",3,"acceptable condition, the company does not reveal significant problems.",350,"31-12-2022","N","PLN",40409.58,871.47,630.62,64,,12890.96,8701.87,8844.83,5023.14,7724.85,6054.85,-142.96,0.98,2.16,4.04,1.8,1.14,1670
673204,1173204,5223088939,"Terra Nigra Sp. z o.o.",,"367033104",,,"Stawy 5",,,"Warszawa",,"02-467","Mazowieckie","PL","",,"","",1,"03-10-2023","HEAD OFFICE","limited liability company",2017,"LIMITED","4519Z","N",,"",,"31-12-2020","N","PLN",9877.99,753.19,611.03,3,,1988.44,4617.76,1071.52,,5534.69,5484.69,3546.24,4.31,7.62,11.4,0.19,0.19,50
689923,1189923,7712893015,"Monadith Sp. z o.o.",,"367959534",,,"Belzacka 97b",,,"Piotrków Trybunalski",,"97-300","Łódzkie","PL","48 601229340",,"","",1,"28-05-2024","HEAD OFFICE","limited liability company",2017,"LIMITED","7320Z","N",2,"moderate condition, probable temporary problems with solvency or keeping the delivery dates.",,"31-12-2023","N","PLN",11806.94,-47.14,-47.14,25,,0,2145.42,1153.95,,991.46,941.46,991.46,1.86,-0.4,-2.2,1.16,1.16,50
690446,1190446,5130251192,"Proteine Resources Sp. z o.o.",,"368033566",,,"Jesionowa 11",,,"Masłomiąca",,"32-091","Małopolskie","PL","48 696122991",,"office@proteineresources.com","www.proteineresources.com",1,"10-10-2023","HEAD OFFICE","limited liability company",2017,"LIMITED","0149Z","N",2,"moderate condition, probable temporary problems with solvency or keeping the delivery dates.",,"31-12-2022","N","PLN",464.95,-320.31,-320.31,1,,1019.66,869.54,,,21.16,,,,-68.89,-16.95,,,7
694070,1194070,8943113503,"Bonasoft Sp. z o.o.",,"368227164",,,"Krakowska 52",,,"Wrocław",,"50-425","Dolnośląskie","PL","4871 7575858",,"biuro@bonasoft.pl","www.bonasoft.pl",1,"03-07-2024","HEAD OFFICE","limited liability company",2017,"LIMITED","6201Z","Y",3,"acceptable condition, the company does not reveal significant problems.",210,"31-12-2023","N","PLN",18746.69,465.35,465.35,27,,885.87,7252.04,4572.5,,3565.42,2565.42,2679.54,1.59,2.48,5.72,1.28,1.28,1000
709100,1209100,5252735005,"MBM Service Sp. z o.o.",,"369113020",,,"Lęborska 22d lok. 9",,,"Gdańsk",,"80-387","Pomorskie","PL","48 533143498",,"mbm.biuro@onet.pl","",1,"17-05-2023","HEAD OFFICE","limited liability company",2018,"LIMITED","3511Z","N",2,"moderate condition, probable temporary problems with solvency or keeping the delivery dates.",,"31-12-2021","N","PLN",189.08,-85.88,-85.88,16,,140.28,61.24,14.24,,187.28,-17.72,47,4.3,-45.42,-42.62,0.08,0.08,205
708497,1208497,1231381497,"Helpa Sp. z o.o.",,"368972063",,,"Żabia 40",,,"Henryków-Urocze",,"05-504","Mazowieckie","PL","48 795767679",,"kontakt@helpa.pl","www.helpa.pl",1,"28-05-2024","HEAD OFFICE","limited liability company",2017,"LIMITED","4711Z","Y",2,"moderate condition, probable temporary problems with solvency or keeping the delivery dates.",10,"31-12-2023","N","PLN",13550.16,52.43,12.6,0,,349.88,3709.65,2749.93,,1309.6,1299.6,959.72,1.35,0.39,1.29,2.1,2.1,10
712704,1212704,9442258154,"Leenlife Pharmafoods Sp. z o.o.",,"369216688",,,"Generała Juliana Filipowicza 2 lok. 7",,,"Kraków",,"30-611","Małopolskie","PL","",,"zbipow@gmail.com","www.novelnatur.com",1,"23-01-2024","HEAD OFFICE","limited liability company",2018,"LIMITED","1089Z","N",3,"acceptable condition, the company does not reveal significant problems.",,"31-12-2022","N","PLN",0,0.49,0.49,0,,5,6.87,1.23,,10.64,0.64,5.64,5.58,,4.13,0.12,0.12,10
738237,1238237,7471909535,"GSMA 24 Sp. z o.o.",,"369822644",,,"Czereśniowa 1",,,"Otmuchów",,"48-385","Opolskie","PL","4874 8513499",,"info@gsma24.pl","gsma24.pl",1,"03-07-2024","HEAD OFFICE","limited liability company",2018,"LIMITED","8810Z","N",1,"poor condition, highly probable problems with solvency.",,"31-12-2023","N","PLN",34.45,-2.55,-2.55,,,0.01,142.01,,,136.22,,,,-7.39,-1.79,,,5
743101,1243101,8971857977,"Woosabi Sp. z o.o.",,"380934060",,,"Braniborska 14",,,"Wrocław",,"53-680","Dolnośląskie","PL","48 789146225",,"office@woosabi.pl","www.woosabi.pl/wroclaw",1,"08-08-2023","HEAD OFFICE","limited liability company",2018,"LIMITED","5610A","N",0,"very severe condition (i.e. a direct threat of bankruptcy).",,"31-12-2022","N","PLN",2013.6,-73.24,-79.85,,,581.99,298.53,1013.13,,-132.6,-137.6,-714.6,0.29,-3.64,-8.32,-7.64,-7.64,5
757736,1257736,5170395833,"Reszka Sp. z o.o.",,"381802336",,,"Jana Twardowskiego 9",,,"Rzeszów",,"35-302","Podkarpackie","PL","",,"biuro@reszka.biz.pl","",1,"21-11-2023","HEAD OFFICE","limited liability company",2018,"LIMITED","4711Z","Y",3,"acceptable condition, the company does not reveal significant problems.",90,"31-12-2022","N","PLN",60948.99,265.4,209.46,156,,6174.39,8724.25,4290.11,516.1,10092.43,10087.43,4434.14,2.03,0.44,1.78,0.48,0.43,5
771757,1271757,7010907076,"Smarte Pflege Sp. z o.o.",,"382569445",,,"Poznańska 21 lok. 48",,,"Warszawa",,"00-685","Mazowieckie","PL","",,"","",1,"30-05-2023","HEAD OFFICE","limited liability company",2019,"LIMITED","8810Z","N",,"",,"","","PLN",,,,,,,,,,,,,,,,,,
773180,1273180,7792503386,"Pikralida Sp. z o.o.",,"382576965",,,"Uniwersytetu Poznańskiego 10",,,"Poznań",,"61-614","Wielkopolskie","PL","48 534662201",,"j.lipner@pikralida.eu","pikralida.eu",1,"21-05-2024","HEAD OFFICE","limited liability company",2019,"LIMITED","7219Z","N",1,"poor condition, highly probable problems with solvency.",,"31-12-2022","N","PLN",1828.21,-528.87,-528.87,22,,1325.29,5747.98,6270.08,1650,-846.81,-882.81,-522.1,0.92,-28.93,-7.48,-9.35,-7.4,36
775533,1275533,5213859128,"Werde Sp. z o.o.",,"382767040",,,"Powązkowska 15",,,"Warszawa",,"01-797","Mazowieckie","PL","48 793346589",,"biuro@werde.com.pl","werde.pl",1,"17-10-2023","HEAD OFFICE","limited liability company",2019,"LIMITED","8130Z","Y",3,"acceptable condition, the company does not reveal significant problems.",120,"31-12-2022","N","PLN",10356.68,695.05,543.47,14,,110.3,3031.37,2045.53,,1096.13,1091.13,985.83,1.48,6.71,22.12,1.87,1.87,5
791284,1291284,1182196273,"Headhunters Sp. z o.o.",,"383658642",,,"Brzozowa 42a",,,"Kajetany",,"05-830","Mazowieckie","PL","",,"","",1,"30-05-2023","HEAD OFFICE","limited liability company",2019,"LIMITED","0128Z","N",,"",,"","","PLN",,,,,,,,,,,,,,,,,,
808851,1308851,7831807625,"Gtc.Spv.3 Sp. z o.o.",,"384630551",,,"Mariana Langiewicza 2 lok. 10",,,"Poznań",,"61-502","Wielkopolskie","PL","",,"","",1,"06-02-2024","HEAD OFFICE","limited liability company",2019,"LIMITED","6311Z","N",2,"moderate condition, probable temporary problems with solvency or keeping the delivery dates.",,"30-06-2023","N","PLN",3188.94,-37.63,-37.63,5,,1058.3,1542.08,770.65,,1829.72,1629.72,771.42,2,-1.18,-1.45,0.42,0.42,200
813322,1313322,9223063640,"Fabryka Szkła Sp. z o.o.",,"384837358",,,"al. Aleje Jerozolimskie 89 lok. 43",,,"Warszawa",,"02-001","Mazowieckie","PL","",,"","",1,"03-10-2023","HEAD OFFICE","limited liability company",2019,"LIMITED","2312Z","N",,"",,"31-12-2020","N","PLN",0.69,-7.68,-7.68,,,0,26.96,29.64,,-2.68,-7.68,-2.68,0.91,-1110.89,-28.48,-11.06,-11.06,5
826341,1326341,7010968505,"Pz Properties Sp. z o.o. w likwidacji",,"385461205",,,"Marszałkowska 72 lok. 20",,,"Warszawa",,"00-545","Mazowieckie","PL","",,"","",4,"28-05-2024","HEAD OFFICE","limited liability company",2020,"LIMITED","6810Z","N",,"",,"31-12-2023","N","PLN",101.7,338.5,337.68,0,,0,14.63,,,-195.15,,,,332.84,2313.49,,,5
976123,1476123,5242942091,"Moonie Sp. z o.o.",,"522243017",,,"Łazanowicka 1A",,,"Warszawa",,"03-089","Mazowieckie","PL","",,"hello@moonie.pl","moonie.pl",1,"06-02-2024","HEAD OFFICE","limited liability company",2022,"LIMITED","3240Z","N",2,"moderate condition, probable temporary problems with solvency or keeping the delivery dates.",,"31-12-2022","N","PLN",4138.45,1368.9,1242.22,1,,0,4525.84,1466.48,1717.14,1342.22,1242.22,3059.36,3.09,33.08,30.25,2.37,1.09,100
