"National.ID","Other.official.Number","Name","Name..local.language.","Street","Street..local.language.","Postcode","City","City..local.language.","Region","Country","Telephone.number","Telefax.number","Web.site","Web.site.1","Email","Email.1","Legal.form","Date.or.year.of.incorporation","Quoted.Unquoted","Status","Bankers","Bankers.1","Auditor","Auditor.1","RegistryNo","ISIN","EU.VAT","District","NIP"
"071000068","3520","Stj Nieruchomosci Sp. z o.o.","Stj Nieruchomości Sp. z o.o.","Przemyslowa 29","Przemysłowa 29","32-660","Chelmek","Chełmek","12","PL","4833 8461222","4833 8461277","www.jawor.pl",,"um@jawor.pl",,"2","1991","0",,"Bank Polska Kasa Opieki S.A. (PeKaO S.A.)",,,,,,,"oświęcimski","5490005408"
"630115103","3868","Tubes International Sp. z o.o.","Tubes International Sp. z o.o.","Bystra 15a","Bystra 15a","61-366","Poznan","Poznań","30","PL","4861 6530222","4861 6530220","www.tubes-international.pl",,"tubes@tubes-international.com",,"2","1993","0",,"Santander Bank Polska S.A.",,"Grant Thornton Polska Prosta spolka akcyjna|Lukasz Wojciechowski","Grant Thornton Polska Prosta spolka akcyjna|Lukasz Wojciechowski","124055",,"PL7810046084","Poznań","7810046084"
"005459275","6449","Wielobranzowe Przedsiebiorstwo Uslugowo-Handlowe Progres Sp. z o.o.","Wielobranżowe Przedsiębiorstwo Usługowo-Handlowe Progres Sp. z o.o.","Szczecinska 1","Szczecińska 1","74-500","Chojna","Chojna","32","PL","4891 4141609","4891 4142568","www.progres-chojna.com.pl",,"sekretariat@progres-chojna.com.pl",,"2","1988","0",,"BNP Paribas Bank Polska S.A.",,"Kancelarii Audytorskiej KONTO Marian Litwiniak|Marian Litwiniak",,"75707",,"PL8580003107","gryfiński","8580003107"
"590002424","6514","VOS LOGISTICS POLSKA Sp. z o.o.","VOS LOGISTICS POLSKA Sp. z o.o.","Al. Jerozolimskie 146 D","Al. Jerozolimskie 146 D","02-305","Warszawa","Warszawa","14","PL","4822 5354900","4822 5354999","www.vospolska.com",,"bulk.poland@voslogistics.com",,"2","1993","0",,"ING Bank Śląski S.A.",,"SW Audyt Sztanga, Wieczorek Sp. j|Wojciech Wieczorek",,"54495",,"PL7690502839","Warszawa","7690502839"
"350013075","10180","FAGRON Sp. z o.o.","FAGRON Sp. z o.o.","Pasternik 26","Pasternik 26","31-354","Krakow","Kraków","12","PL","4812 3343514","4812 3343522","www.fagron.pl",,"biuro@fagron.pl",,"2","1991","0",,"ING Bank Śląski S.A.",,"Kancelaria Bieglych Rewidentow KONTO Sp. z o.o|Alicja Oprych",,"405946",,"PL6790026473","Kraków","6790026473"
"511339065","10781","Szynaka-Meble Sp. z o.o.","Szynaka-Meble Sp. z o.o.","Dworcowa 20","Dworcowa 20","14-260","Lubawa","Lubawa","28","PL","4889 6452128","4889 6452128, 4889 6455362","www.szynaka.pl",,"info@szynaka.com.pl","info@szynaka.pl","2","2000","0",,"Bank Polska Kasa Opieki S.A. (PeKaO S.A.)",,"4AUDYT sp. z o.o|Karolina Filipiak","4AUDYT sp. z o.o.|Karolina Filipiak","160927",,"PL7441586760","iławski","7441586760"
"930851590","12421","Kopalnie Odkrywkowe Surowcow Drogowych we Wroclawiu Sp. z o.o.","Kopalnie Odkrywkowe Surowców Drogowych we Wrocławiu Sp. z o.o.","Komuny Paryskiej 50","Komuny Paryskiej 50","55-050","Naslawice","Nasławice","02","PL","4871 3618316","4871 3618835","www.kosd.com.pl",,"biuro@kosd.com.pl",,"2","1956","0",,"Santander Bank Polska S.A.",,"AMZ Sp. z o.o|Marek Zych",,"139063",,,"wrocławski","8960000629"
"510504190","16332","Eltel Networks Energetyka S.A.","Eltel Networks Energetyka S.A.","Gutkowo 81d","Gutkowo 81d","11-041","Gutkowo","Gutkowo","28","PL","4889 5222520, 48 695173028","4889 5238198","www.eltelnetworks.pl",,"olsztyn@eltelnetworks.com",,"1","1990","0",,"Danske Bank A/S S.A. Oddział w Polsce",,"KPMG Audyt Spolka z ograniczona odpowiedzialnoscia sp.k|Martyna Brakowska",,"19827",,"PL7390102722","olsztyński","7390102722"
"000001784","18920","Szkola Glowna Gospodarstwa Wiejskiego","Szkoła Główna Gospodarstwa Wiejskiego","Nowoursynowska 166","Nowoursynowska 166","02-787","Warszawa","Warszawa","14","PL","4822 5931000","4822 5931087, 4822 5931089","www.sggw.waw.pl",,"rektor@sggw.waw.pl",,"38","1918","0",,"Bank Polska Kasa Opieki S.A. (PeKaO S.A.)",,"ECOVIS POLAND Audit, Tax & Accounting Sp. z o.o|Michal Baranski",,,,"PL5250007425","Warszawa","5250007425"
"000001293","19393","Uniwersytet im. Adama Mickiewicza w Poznaniu","Uniwersytet im. Adama Mickiewicza w Poznaniu","Wieniawskiego 1","Wieniawskiego 1","61-712","Poznan","Poznań","30","PL","4861 8294000, 4861 8294371","4861 8294111","www.amu.edu.pl",,"rectorof@amu.edu.pl",,"38","1919","0",,"Santander Bank Polska S.A.","Powszechna Kasa Oszczędności Bank Polski S.A. (PKO BP S.A.)","ECOVIS Poland Sp. z o.o|Malgorzata Slomczynska",,,,"PL7770006350","Poznań","7770006350"
"790128449","20160","Przedsiebiorstwo Transportowo-Sprzetowe Budownictwa Transbud Elk Sp. z o.o.","Przedsiębiorstwo Transportowo-Sprzętowe Budownictwa Transbud Ełk Sp. z o.o.","Lukasiewicza 1","Łukasiewicza 1","19-300","Elk","Ełk","28","PL","4887 6217423, 4887 6217420","4887 6216077","www.transbud.elk.pl",,"transbud@transbud.elk.pl","allegro@transbud.pl","2","1960","0",,"Bank Polska Kasa Opieki S.A. (PeKaO S.A.)",,"Elzbieta Kalejta Biuro Rachunkowe  EIKa|Elzbieta Kalejta",,"50063",,"PL8480005503","ełcki","8480005503"
"000288981","20330","Uniwersytet Medyczny Im.Piastow Slaskich we Wroclawiu","Uniwersytet Medyczny Im.Piastów Śląskich we Wrocławiu","Pasteura 1","Pasteura 1","50-367","Wroclaw","Wrocław","02","PL","4871 7841001","4871 7840109","www.am.wroc.pl",,"rektor@am.wroc.pl",,"38","1950","0",,"Santander Bank Polska S.A.",,"POL - TAX 2 Sp. z o.o|Krystyna Adamska",,,,"PL8960005779","Wrocław","8960005779"
"430602447","21229","Color Park S.A.","Color Park S.A.","Wolska 11","Wolska 11","20-411","Lublin","Lublin","06","PL","4881 7462027",,"www.blekitnagaleria.com",,,,"1","1996","0",,"Bank Polska Kasa Opieki S.A. (PeKaO S.A.)",,"KMZ Doradztwo Katarzyna Maraszek-Zieba|Katarzyna Maraszek-Zieba",,"102615",,,"Lublin","9460014184"
"190251335","22448","BORGA Sp. z o.o.","BORGA Sp. z o.o.","Azymutalna 9","Azymutalna 9","80-298","Gdansk","Gdańsk","22","PL","4858 6299444, 4824 7220957","4858 6299303","www.borga.pl",,"info@borga.pl","dachy@borga.pl","2","1993","0",,"Bank Polska Kasa Opieki S.A. (PeKaO S.A.)",,"INTEGRAL- AUDIT Przedsiebiorstwo Audytorskie Sp. z o.o|Maria Magdalena Ciolek",,"43881",,"PL5880009578","Gdynia","5880009578"
"691530091","23871","ELIT POLSKA Sp. z o.o.","ELIT POLSKA Sp. z o.o.","Aleja Pokoju 18c","Aleja Pokoju 18c","31-564","Krakow","Kraków","12","PL","4812 6838800, 4812 6838888","4812 6437882","www.elitpolska.pl",,"sekretariat.krakow@elitpolska.pl","kontakt@elitpolska.pl","2","2000","0",,"BNP Paribas Bank Polska S.A.",,"Mazars Audyt Sp. z o.o|Jaroslaw Bochenek","Ernst & Young Audit Sp. z o.o.|Jerzy Buzek","34198",,"PL8722076258","Kraków","8722076258"
"770726545","30610","Przedsiebiorstwo Przemyslu Drzewnego Poltarex Sp. z o.o.","Przedsiębiorstwo Przemysłu Drzewnego Poltarex Sp. z o.o.","Zeromskiego 9/10","Żeromskiego 9/10","84-300","Lebork","Lębork","22","PL","4859 8622430, 4859 8323421","4859 8633372","www.poltarex.pl",,"sekretariat@poltarex.pl","krzysztof.majchrzak@poltarex.pl","2","1995","0",,"Powszechna Kasa Oszczędności Bank Polski S.A. (PKO BP S.A.)",,"HLB M2 Tax & Audit Spolka z ograniczona odpowiedzialnoscia|Barbara Zynda",,"56073",,"PL8411002134","lęborski","8411002134"
"011944474","31858","MAGO S.A.","MAGO S.A.","Aleja Katowicka 119/121","Aleja Katowicka 119/121","05-830","Rusiec","Rusiec","14","PL","4822 7298101, 4822 7298103 - 04","4822 7298109","www.mago.pl","www.mago.com","mago@mago.pl","sprzedawcy@mago.com","1","1989","0",,"ING Bank Śląski S.A.",,"ECOVIS POLAND Audit, Tax & Accounting Sp. z o.o.|Malgorzata Slomczynska","ECOVIS POLAND Audit, Tax & Accounting Sp. z o.o.|Malgorzata Slomczynska","74514",,"PL5341136594","pruszkowski","5341136594"
"270544647","31941","Rejonowe Przedsiebiorstwo Wodociagow i Kanalizacji w Tychach S.A.","Rejonowe Przedsiębiorstwo Wodociągów i Kanalizacji w Tychach S.A.","Sadowa 4","Sadowa 4","43-100","Tychy","Tychy","24","PL","4832 3257001, 4832 2274031 - 33","4832 3257005","www.rpwik.tychy.pl",,"sekretariat@rpwik.tychy.pl","bok@rpwik.tychy.pl","1","1991","0",,"Bank Millennium S.A.",,"LEX-FIN Sp. z o.o.|Katarzyna Rak",,"219629",,,"Tychy","6460010322"
"634392236","31977","Bemo Motors Sp. z o.o.","Bemo Motors Sp. z o.o.","Mogilenska 50","Mogileńska 50","61-044","Poznan","Poznań","30","PL","4861 8100100","4861 8747727","www.bemo-motors.pl",,"insal@bemo-motors.pl","salon.warszawa@bemo-motors.pl","2","1993","0",,"mBank S.A.",,"CGS - AUDYTOR Spolka z o.o|Janina Szymkowiak","CGS - AUDYTOR Sp. z o.o.|Janina Szymkowiak","132096",,"PL7820069129","Poznań","7820069129"
"930605878","32342","Dom Samochodowy Germaz Sp. z o.o.","Dom Samochodowy Germaz Sp. z o.o.","Strzegomska 139","Strzegomska 139","54-428","Wroclaw","Wrocław","02","PL","4871 3582013, 4871 3582041","4871 3577524","www.germaz.com.pl","www.germaz.pl","biuro@germaz.com.pl","biuro@germaz.pl","2","1992","0",,"Bank Ochrony Środowiska S.A.",,"Eliks Audytorskiej sp. z o.o|Danuta Trachimik",,"166371",,"PL8940005440","Wrocław","8940005440"
"570302283","33721","Altvater Pila Sp. z o.o.","Altvater Piła Sp. z o.o.","Laczna 4a","Łączna 4a","64-920","Pila","Piła","30","PL","4867 2124352 wew. 3","4867 2123358","www.altvater.pl",,"altvater_pila@vedia-es.pl",,"2","1997","0",,"Bank Polska Kasa Opieki S.A. (PeKaO S.A.)",,"PricewaterhouseCoopers Polska Sp. z o.o. Audyt Sp. k|Maciej Zaremba",,"97680",,,"pilski","7641796232"
"010862768","33795","Sandvik Polska Sp. z o.o.","Sandvik Polska Sp. z o.o.","Jozefa Pukowca 7","Józefa Pukowca 7","40-847","Katowice","Katowice","24","PL","4822 6473880","4822 8432136","www.home.sandvik.pl",,"pl.coromant@sandvik.com",,"2","1995","0",,"Bank Handlowy w Warszawie S.A. (Citi Handlowy)",,"PricewaterhouseCoopers Polska Sp. z o.o. Audyt sp.k.|Krzysztof Sieczkowski",,"33087",,"PL5211010771","Katowice","5211010771"
"190279500","36410","Simpson Strong-Tie Etanco P.S.A.","Simpson Strong-Tie Etanco P.S.A.","al. Jana Pawla II 1","al. Jana Pawła II 1","81-345","Gdynia","Gdynia","22","PL","4855 2422926","4855 2422956","www.etanco.pl",,"info@etanco.pl",,"1001","1993","0",,"Powszechna Kasa Oszczędności Bank Polski S.A. (PKO BP S.A.)",,"KPMG Audyt Sp. z o.o. Sp.k.|Boguslaw Kowal",,"1007857",,"PL5860066998","Gdynia","5860066998"
"012244299","36592","Scania Finance Polska Sp. z o.o.","Scania Finance Polska Sp. z o.o.","Al. Katowicka 316","Al. Katowicka 316","05-830","Stara Wies","Stara Wieś","14","PL","4822 3560230, 4822 3312233","4822 3560231","www.scania.com/pl","www.scania.pl","mail@scania.pl",,"2","1997","0",,"Bank Handlowy w Warszawie S.A. (Citi Handlowy)",,"Ernst & Young Audyt Polska spolka z ograniczona odpowiedzialnoscia sp. k|Natalia Dembek-Slusarczynska",,"36594",,"PL5211579028","pruszkowski","5211579028"
"012853986","36939","JBD S.A.","JBD S.A.","Ks. Bp. Wincentego Tymienieckiego 25c lok. 314","Ks. Bp. Wincentego Tymienieckiego 25c lok. 314","90-350","Lodz","Łódź","10","PL","4842 6300234, 4842 6335492","4842 6321767","www.jbd.com.pl",,"jbd@jbd.com.pl","jbd@jbd.com.plzat","1","2001","0",,"Alior Bank S.A.",,"KPW Audytor Sp. z o.o|Wioletta Fiet",,"50796",,"PL5212765454","Łódź","5212765454"
"510884205","37097","Uniwersytet Warminsko-Mazurski w Olsztynie","Uniwersytet Warmińsko-Mazurski w Olsztynie","M. Oczapowskiego 2","M. Oczapowskiego 2","10-719","Olsztyn","Olsztyn","28","PL","4889 5233330, 4889 5234913","4889 5234456","www.uwm.edu.pl",,"br@uwm.edu.pl",,"104","1999","0",,"Bank Polska Kasa Opieki S.A. (PeKaO S.A.)",,"KK Audyt Sp. z o.o|Ryszarda Rozbicka",,,,"PL7393033097","Olsztyn","7393033097"
"631255378","37169","Eurocash Serwis Sp. z o.o.","Eurocash Serwis Sp. z o.o.","Wisniowa 11","Wiśniowa 11","62-052","Komorniki","Komorniki","30","PL","4861 6513300 - 2","4861 6583103","serwis.grupaeurocash.pl","www.eurocash.com.pl","kontakt.ecserwis@eurocash.pl","eurocash@eurocash.pl","2","1998","0",,"Santander Bank Polska S.A.",,"Grant Thornton Polska Prosta spolka akcyjna|Jan Letkiewicz","KPMG Audyt Sp. z o.o.|Wojciech Drzymala","519553",,,"poznański","7772304755"
"170919369","37917","Przedsiebiorstwo Komunikacji Samochodowej w Elblagu Sp. z o.o.","Przedsiębiorstwo Komunikacji Samochodowej w Elblągu Sp. z o.o.","Aleja Grunwaldzka 61","Aleja Grunwaldzka 61","82-300","Elblag","Elbląg","28","PL","4855 2396222, 4855 2396212","4855 2396225","www.pks.elblag.pl",,"pks@pks.elblag.pl",,"2","2000","0",,"Bank Millennium S.A.",,"Firma Consultingowo-Uslugowa Bieglych Ksiegowych \"Doradztwo\" Sp. z o.o|Anna Mach-Mockallo",,"48642",,,"Elbląg","5782706307"
"013160890","39948","Domanski Zakrzewski Palinka sp.k.","Domański Zakrzewski Palinka sp.k.","Rondo Organizacji Narodow Zjednoczonych 1 lok. 22 Pietro","Rondo Organizacji Narodów Zjednoczonych 1 lok. 22 Piętro","00-124","Warszawa","Warszawa","14","PL","4822 5577600","4822 5577601","www.dzp.pl",,"dzp@dzp.pl",,"6","1993","0",,,,"Kancelarii Bieglych Rewidentow Czupryniak i Partnerzy spolka partnerska|Beata Gromek",,"27088",,,"Warszawa","5272162127"
"230069410","40533","Citronex I Sp. z o.o.","Citronex I Sp. z o.o.","Bohaterow II Armii Wojska Polskiego 64","Bohaterów II Armii Wojska Polskiego 64","59-900","Zgorzelec","Zgorzelec","02","PL","4875 7721940, 4875 7721946","4875 7716601","www.citronex.pl",,"info@citronex.pl",,"2","1993","0",,"BNP Paribas Bank Polska S.A.",,"PKF Consult Sp. z o.o. Sp. k|Rafal Barycki","PKF Consult Sp. z o.o. Sp.k.|Rafal Barycki","66651",,"PL6150024146","zgorzelecki","6150024146"
"812442100","41562","Sandra J.Zalewski i Spolka sp.j.","Sandra J.Zalewski i Spółka sp.j.","Wojska Polskiego 3","Wojska Polskiego 3","72-350","Pogorzelica","Pogorzelica","32","PL","4891 4814700","4891 4814824","www.sandra.ta.pl",,"sandrapl@home.pl",,"5","1996","0",,"mBank S.A.",,"Biuro Bilans K. Sutkowski|Kazimierz Sutkowski",,"85349",,"PL8571008016","gryficki","8571008016"
"004610793","54514","Miralex Sp. z o.o.","Miralex Sp. z o.o.","Lotnicza 4","Lotnicza 4","64-920","Pila","Piła","30","PL","4867 2126780, 4861 8329060","4867 2126780","www.miralex.pl",,"miralex@miralex.pl",,"2","1990","0",,"Santander Bank Polska S.A.",,"PKF Consult Spolka z ograniczona odpowiedzialnoscia Sp. k|Monika Kowalewska",,"11534",,"PL7640001360","pilski","7640001360"
"012250271","62814","Medicofarma S.A.","Medicofarma S.A.","Sokolowska 9 lok. U19","Sokołowska 9 lok. U19","01-142","Warszawa","Warszawa","14","PL","4822 6539322","4822 6539309","www.medicofarma.pl",,"biuro@medicofarma.pl",,"1","1996","0",,,,"UHY ECA Audyt Sp. z o.o.|Aleksandra Sasin",,,,"PL5272324541","Warszawa","5272324541"
"590757832","64859","Buszrem S.A.","Buszrem S.A.","Zwirki 9","Żwirki 9","97-300","Piotrkow Trybunalski","Piotrków Trybunalski","10","PL","4844 6473197, 4844 6476345","4844 6473197","www.buszrem.com.pl","www.buszrem.pl","buszrem@buszrem.pl",,"1","2000","0",,"mBank S.A.",,"Kancelaria Bieglych Rewidentow Czupryniak i Partnerzy spolka partnerska|Zbigniew Czupryniak","Kancelarii Bieglych Rewidentow Czupryniak i Partnerzy spolka partnerska|Zbigniew Czupryniak","305285",,"PL7712436996","Piotrków Trybunalski","7712436996"
"290760306","65624","Przedsiebiorstwo Gospodarki Mieszkaniowej Sp. z o.o. w Kielcach","Przedsiębiorstwo Gospodarki Mieszkaniowej Sp. z o.o. w Kielcach","Panoramiczna 2 lok. \"I\"","Panoramiczna 2 lok. \"I\"","25-503","Kielce","Kielce","26","PL","4841 3686121, 4841 3686226","4841 3685799","www.pgm.kielce.pl",,"biuro@pgm.kielce.pl",,"2","1996","0",,"BANK POLSKIEJ SPÓŁDZIELCZOŚCI S.A.",,,,,,,"Kielce","9590925872"
"472762508","66911","KOLOR METAL Tadeusz Pacyna Sp. z o.o.","KOLOR METAL Tadeusz Pacyna Sp. z o.o.","Trembeckiego 7","Trembeckiego 7","35-234","Rzeszow","Rzeszów","18","PL","48 502345105",,"www.kolormetal.pl",,"lodz@kolormetal.pl",,"2","2000","0","1091","Bank Millennium S.A.",,"BBR EKO-BILANS Sp. z o.o.|Alicja Chlebowska-Kusza",,"170922",,"PL7282379243","Rzeszów","7282379243"
"012926952","75263","Egis Poland Sp. z o.o.","Egis Poland Sp. z o.o.","Marynarska 15","Marynarska 15","02-674","Warszawa","Warszawa","14","PL","4822 2030100","4822 2030101","www.egis-group.com",,"biuro.poland@egis-group.com",,"2","1998","0",,"Societe Generale S.A. Oddział w Polsce",,"Mazars Audyt Sp. z o.o|Grazyna Kulikowska",,"36656",,,"Warszawa","5262153084"
"272036412","87240","Marani Sp. z o.o.","Marani Sp. z o.o.","Szybowa 14 C","Szybowa 14 C","41-808","Zabrze","Zabrze","24","PL","4832 2740113 - 16, 4832 2742498 - 99, 4832 4163000","4832 2742498, 4832 4163098","www.marani.pl",,"marani@marani.pl","kontakt@marani.pl","2","1993","0",,"Santander Bank Polska S.A.",,"Kazimierz Lekston Biuro Audytorskie „LEXTON”|Michal Lekston",,"75996",,"PL6310020661","Zabrze","6310020661"
"190783368","505489","Firma Handlowa Kolanko sp.j. Marek Papierski Janusz Skawinski","Firma Handlowa Kolanko sp.j. Marek Papierski Janusz Skawiński","Oliwska 72","Oliwska 72","80-209","Chwaszczyno","Chwaszczyno","22","PL","4858 3450981, 4858 5624072, 4858 5853100","4858 3450981, 4858 3405103","www.kolanko.pl","www.kolanko.com.pl","biuro@kolanko.com.pl","biuro@kolanko.pl","5","1993","0",,,,,,"5489",,,"kartuski","5890008072"
"472945976","576120","Topo Wind Energia S.A.","Topo Wind Energia S.A.","Sobieskiego 99 lok. 69","Sobieskiego 99 lok. 69","00-763","Warszawa","Warszawa","14","PL",,,,,,,"1","2002","0",,,,,,,,,"Warszawa","7282425871"
"270548378","586990","Infosystem Towarzystwo Techniki Biurowej Sp. z o.o.","Infosystem Towarzystwo Techniki Biurowej Sp. z o.o.","Mikolaja Kopernika 26","Mikołaja Kopernika 26","40-064","Katowice","Katowice","24","PL","4832 3520250","4832 2511719","www.kopernika26.pl","www.infosystem.com.pl","jan.twardowski@kopernika26.pl","ttb@infosystem.com.pl","2","2002","0",,,,"Expertis Kancelaria Finansowo-Prawno-Podatkowa Sp z o.o|Beata Handel",,,,,"Katowice","6340126625"
"192638937","598312","Dierre Polnoc Sp. z o.o.","Dierre Północ Sp. z o.o.","Jabloniowa 20 lok. 215","Jabłoniowa 20 lok. 215","80-175","Gdansk","Gdańsk","22","PL","4858 7634481","4858 7634482","www.dierre.com.pl","www.dirrepolnoc.pl","gdansk@dierre.com.pl","gdansk@dierrepolnoc.pl","2","2002","0",,,,,,"98312",,,"Gdańsk","5832770923"
"011133557","606226","Polchip Sp. z o.o. w likwidacji","Polchip Sp. z o.o. w likwidacji","Plochocinska 65","Płochocińska 65","03-044","Warszawa","Warszawa","14","PL","4822 6448808","4822 6448834","www.polchip.com.pl",,"info@polchip.com.pl",,"2","1995","0","1080",,,,,,,"PL5221019064","Warszawa","5221019064"
"932780545","610885","Mystic.Garden - Sp. z o.o.","Mystic.Garden - Sp. z o.o.","Krynicka 66 lok. 6","Krynicka 66 lok. 6","50-555","Wroclaw","Wrocław","02","PL","4871 3425941","4871 3425943","www.askom.pl",,"askom@askom.pl",,"2","2002","0",,,,,,,,,"Wrocław","8961320158"
"070834179","651333","Kombi, Sp. z o.o.","Kombi, Sp. z o.o.","Zeglarska 7","Żeglarska 7","34-326","Zarzecze","Zarzecze","24","PL","4833 8611598","4833 8298254","www.kombi.com.pl",,"kombi@kombi.com.pl",,"2","1997","0",,,,"Polskiej Grupy Audytorska Spolka z ograniczona odpowiedzialnoscia|Bartlomiej Kurylak",,"151333",,,"żywiecki","9372012375"
"072826770","654855","Stawac Sp. z o.o.","Stawac Sp. z o.o.","Przemyslowa 23","Przemysłowa 23","35-105","Rzeszow","Rzeszów","18","PL","4832 6725350","4833 8578711",,,,,"2","2003","0",,,,,,,,,"Rzeszów","5482394111"
"852651568","655886","Uniroll Sp. z o.o.","Uniroll Sp. z o.o.","Kwiatkowskiego lok. 8","Kwiatkowskiego lok. 8","33-101","Tarnow","Tarnów","12","PL","4814 6373805","4814 6373805","www.uniroll.pl",,"biuro@uniroll.pl",,"2","2002","0",,,,,,,,,"Tarnów","9930332959"
"311610002","691517","MBW Tax & Audit Sp. z o.o.","MBW Tax & Audit Sp. z o.o.","Grunwaldzka 115","Grunwaldzka 115","60-313","Poznan","Poznań","30","PL","4861 2787000","4861 8687015","www.mbwnet.pl","www.tax.mbwnet.pl","sekretariat@mbwnet.pl",,"2","2004","0",,,,,,,,,"Poznań","6652677252"
"003526990","706758","Eureca Group Sp. z o.o.","Eureca Group Sp. z o.o.","Jana III Sobieskiego 16","Jana III Sobieskiego 16","42-600","Tarnowskie Gory","Tarnowskie Góry","24","PL","4832 7673514","4832 2883829","www.eureca.pl",,"it@eureca.pl",,"2","1990","0",,"Powszechna Kasa Oszczędności Bank Polski S.A. (PKO BP S.A.)",,,,,,"PL6410009802","tarnogórski","6410009802"
"933002152","708047","Praca Tymczasowa Oddzial Boleszkowice Sp. z o.o.","Praca Tymczasowa Oddział Boleszkowice Sp. z o.o.","Poznanska 10 lok. 3","Poznańska 10 lok. 3","74-407","Boleszkowice","Boleszkowice","32","PL","4871 3384263, 48 730086899","4871 3619065","www.epser.com",,"biuro@epser.com",,"2","2004","0","1091",,,,,,,"PL8992507372","myśliborski","8992507372"
"140012262","728092","Magis Travel Sp. z o.o.","Magis Travel Sp. z o.o.","Ostrobramska 101 lok 335K","Ostrobramska 101 lok 335K","04-041","Warszawa","Warszawa","14","PL","4822 3316090","4822 3316092","www.magistravel.pl/en",,"info@magistravel.pl",,"2","2005","0",,,,,,,,,"Warszawa","1132529620"
"200014674","733697","Sp. z o.o. Szmaragdowa Kamienica sp.k.","Sp. z o.o. Szmaragdowa Kamienica sp.k.","Waly Piastowskie 1 lok. 1508","Wały Piastowskie 1 lok. 1508","80-855","Gdansk","Gdańsk","22","PL","4885 7420028","4885 7420007",,,,,"6","2005","0",,"Powszechna Kasa Oszczędności Bank Polski S.A. (PKO BP S.A.)",,"Audyt-BT BR Bogumila Toloczko|Bogumila Toloczko",,,,,"Gdańsk","5422923014"
"340052634","736939","Bakerfix Sp. z o.o.","Bakerfix Sp. z o.o.","Fabryczna 9","Fabryczna 9","88-400","Znin","Żnin","04","PL","4852 3031109","4852 3034025","www.bakerfix.pl",,"biuro@bakerfix.pl",,"2","2005","0",,,,,,,,,"żniński","5621702416"
"140415801","750330","Nexio Management Sp. z o.o.","Nexio Management Sp. z o.o.","Pulawska 182","Puławska 182","02-670","Warszawa","Warszawa","14","PL","4822 2441350, 48 501102065",,"www.nexio.pl",,"biuro@nexio.pl",,"2","2005","0",,"Bank Millennium S.A.",,"Kancelaria Bieglego Rewidenta Anna Malyska|Anna Malyska",,,,,"Warszawa","5252365494"
"180191262","770805","Moto-Hurt S.A.","Moto-Hurt S.A.","Krakowska 150 B","Krakowska 150 B","35-506","Rzeszow","Rzeszów","18","PL","4817 2218961, 4817 8600829","4817 2218014","www.moto-hurt.pl",,"rzeszow@moto-hurt.pl","sekretariat@moto-hurt.pl","1","2006","0",,"Bank Polska Kasa Opieki S.A. (PeKaO S.A.)",,"REVISION-RZESZOW Jozef Krol Sp. z o.o. Sp. K.|Agnieszka Lew",,"270805",,"PL5170200143","Rzeszów","5170200143"
"020704346","801044","Zakrzow Ucinska sp.j.","Zakrzów Ucińska sp.j.","Raclawicka 13","Racławicka 13","53-149","Wroclaw","Wrocław","02","PL","48 501636333",,,,"abinvest@abinvest.eu",,"5","2008","0",,,,"Audytor Kancelaria Bieglego Rewidenta|Regina Pawlowska",,,,,"Wrocław","8992633131"
"141343682","802631","Radcomp Integral Sp. z o.o.","Radcomp Integral Sp. z o.o.","Koscierzynska 10","Kościerzyńska 10","51-416","Wroclaw","Wrocław","02","PL","4822 6208902","4822 6208902","www.unikkonmeble.pl",,"biuro@unikkon.pl",,"2","2008","0",,,,,,"302631",,,"Wrocław","5252420885"
"020745859","804540","Hattori Hanzo S.A.","Hattori Hanzo S.A.","Tulipanowa 2","Tulipanowa 2","55-040","Sleza","Ślęza","02","PL","48 722223344",,,,"iwona@1450.pl",,"1","2007","0",,,,"Global Audit Partner Boczkowski,Dus,Procner Spolka Komandytowa|Zbigniew Boczkowski",,,,,"wrocławski","8971742151"
"020817441","812613","Mastermet Sp. z o.o.","Mastermet Sp. z o.o.","Miedzyrzecka 3 lok. 1","Międzyrzecka 3 lok. 1","50-421","Wroclaw","Wrocław","02","PL","48 663750864, 4871 3446002, 48 609269939","4871 3446002","www.mastermet.eu",,"biuro@mastermet.eu","mastermet@mastermet.eu","2","2008","0",,,,,,,,,"Wrocław","8971745244"
"141598293","814055","Matsuoka Motor Sp. z o.o.","Matsuoka Motor Sp. z o.o.","Konopnica 164e","Konopnica 164e","21-030","Konopnica","Konopnica","06","PL","48 506063351",,"matsuoka.pl",,"paulina.kajda@kp.biz.pl",,"2","2008","0",,,,"WBS Audyt Sp. z o.o|Anna Krolikowska",,,,,"lubelski","1181981567"
"120714838","814542","Magelab Sp. z o.o.","Magelab Sp. z o.o.","al. Jana Pawla II 41 L","al. Jana Pawła II 41 L","31-864","Krakow","Kraków","12","PL","4812 4134930","4812 4134930",,,,,"2","2008","0","1091",,,,,,,,"Kraków","6772316083"
"141734419","818739","APIS S.A.","APIS S.A.","3 Maja 47 lok. 33","3 Maja 47 lok. 33","23-400","Bilgoraj","Biłgoraj","06","PL","4815 8193040, 4815 8791003","4815 8791529","www.apissa.pl",,"biuro@apissa.pl",,"1","2009","1",,"Powszechna Kasa Oszczędności Bank Polski S.A. (PKO BP S.A.)","Alior Bank S.A.","Magnet Audit Sp. z o.o|Robert Bledowski",,"318739","PLHMSG000019",,"biłgorajski","5661965926"
"300904710","822377","Centrum Medyczne Mediraj Sp. z o.o.","Centrum Medyczne Mediraj Sp. z o.o.","Gorczynska 17","Górczyńska 17","66-400","Gorzow Wielkopolski","Gorzów Wielkopolski","08","PL","4895 7835200, 4895 7835500",,"www.medi-raj.pl",,"biuro@medi-raj.pl",,"2","2008","0",,,,,,,,,"Gorzów Wielkopolski","9721190768"
"141785658","825921","W.Aa Sp. z o.o.","W.Aa Sp. z o.o.","Przy Agorze 3 lok. 118","Przy Agorze 3 lok. 118","01-960","Warszawa","Warszawa","14","PL","4822 8401530","4822 8402896",,,,,"2","2009","0",,,,,,,,,"Warszawa","5213521234"
"200279697","831230","Agencja Ochrony Osob i Mienia Global Security Sp. z o.o.","Agencja Ochrony Osób i Mienia Global Security Sp. z o.o.","11-Listopada 43","11-Listopada 43","17-300","Siemiatycze","Siemiatycze","20","PL","48 603085352",,"www.globalsecurity.com.pl",,,,"2","2009","0",,,,,,,,,"siemiatycki","5441517858"
"220827901","835239","Hyperhub Sp. z o.o.","Hyperhub Sp. z o.o.","Modlinska 6 lok. 208","Modlińska 6 lok. 208","03-216","Warszawa","Warszawa","14","PL","4822 6595420","4822 6595420",,,,,"2","2009","0",,,,,,,,,"Warszawa","8393102663"
"021059267","836499","Horsh Sp. z o.o.","Horsh Sp. z o.o.","Walonska 15 lok. 2","Walońska 15 lok. 2","50-413","Wroclaw","Wrocław","02","PL","4871 7574263, 4871 3724144",,"www.horsh.pl",,"biuro@horsh.pl",,"2","2009","0",,,,,,,,,"Wrocław","8971755194"
"142070660","840229","Leadenhall Insurance S.A.","Leadenhall Insurance S.A.","Domaniewska 42","Domaniewska 42","02-672","Warszawa","Warszawa","14","PL","4822 6022330",,"www.leadenhall.pl",,"kontakt@leadenhall.com",,"1","2009","0",,,,"Biuro Prawno - Podatkowe Robert Kobielski|Robert Kobielski",,,,,"Warszawa","5213544608"
"142098405","844213","Mm3 Sp. z o.o.","Mm3 Sp. z o.o.","Piekna 6","Piękna 6","09-440","Starozreby","Staroźreby","14","PL","48 605299616",,"www.mm3.pl",,"biuro@mm3.pl",,"2","2009","0",,,,,,,,,"płocki","7743136657"
"142142520","846179","Abb Business Services Sp. z o.o.","Abb Business Services Sp. z o.o.","Zeganska 1","Żegańska 1","04-713","Warszawa","Warszawa","14","PL","4822 5152843, 4822 2237009, 4822 2237777",,"new.abb.com",,"kontakt@pl.abb.com",,"2","2009","0",,,,"KPMG Audyt Spolka z ograniczona odpowiedzialnoscia sp.k|Arkadiusz Cieslik",,,,,"Warszawa","9522081605"
"241503697","849401","Epsilon Development Sp. z o.o.","Epsilon Development Sp. z o.o.","Narwik 17b lok. 25","Narwik 17b lok. 25","01-471","Warszawa","Warszawa","14","PL",,,,,,,"2","2010","0",,,,,,,,,"Warszawa","5732793959"
"142318114","852528","Francuski Smak Sp. z o.o.","Francuski Smak Sp. z o.o.","Jeziorna 80","Jeziorna 80","05-152","Kazun Polski","Kazuń Polski","14","PL","48 605169588",,,,,,"2","2010","0",,,,,,,,,"nowodworski","5272731708"
"142737590","874207","Interim A Sp. z o.o.","Interim A Sp. z o.o.","al. Wilanowska 7 A lok. 32","al. Wilanowska 7 A lok. 32","02-765","Warszawa","Warszawa","14","PL",,,,,,,"2","2010","0",,,,,,,,,"Warszawa","5252495848"
"142851080","881029","Lk Resorts Sp. z o.o.","Lk Resorts Sp. z o.o.","Nadmenska 9","Nadmeńska 9","05-230","Kobylka","Kobyłka","14","PL",,,,,,,"2","2011","0",,,,,,,,,"wołomiński","5322032439"
"142866991","881287","Arts Alliance S.A.","Arts Alliance S.A.","Pulawska 2","Puławska 2","02-566","Warszawa","Warszawa","14","PL","4822 6158218","4822 6158218","www.artsalliance.pl","www.midven.pl","kontakt@artsalliance.pl",,"1","2011","1",,,,"B-Think Audit Sp. z o.o.|Marcin Hauffa","B-Think Audit Sp. z o.o.|Marcin Hauffa",,"PLMIDVN00017",,"Warszawa","9522105435"
"301716211","883095","PNP Agrofactor Sp. z o.o.","PNP Agrofactor Sp. z o.o.","Wichrowa 1 A","Wichrowa 1 A","60-449","Poznan","Poznań","30","PL","48 605760428",,,,,,"2","2011","0","1091",,,,,,,,"Poznań","7811864330"
"180711483","889798","Galeria Carpatia Sp. z o.o.","Galeria Carpatia Sp. z o.o.","Grzybowska 87","Grzybowska 87","00-844","Warszawa","Warszawa","14","PL","4817 8523810, 4817 8533865, 48 694417227, 48 502072277","4817 8544144","www.igbcarpatia.pl",,"sekretariat@igbcarpatia.pl","1carpatia@gmail.com","2","2011","0",,,,,,,,,"Warszawa","8133658205"
"021704578","895638","Krajowe Centrum Pracy Sp. z o.o.","Krajowe Centrum Pracy Sp. z o.o.","Sienna 75","Sienna 75","00-833","Warszawa","Warszawa","14","PL","4871 3710900","4871 3710938","www.workservice.pl",,"work@workservice.pl",,"2","2011","0",,,,"Grant Thornton Polska P.S.A.|Renata Art-Franke",,,,,"Warszawa","8971778901"
"145720526","897058","Westa Construction Sp. z o.o.","Westa Construction Sp. z o.o.","Aleja Jana Chrystiana Szucha 8","Aleja Jana Chrystiana Szucha 8","00-582","Warszawa","Warszawa","14","PL","4822 5258444","4822 5258455",,,,,"2","2011","0",,,,,,,,,"Warszawa","7010314442"
"242807353","902153","Polcab N. Gamon sp.j.","Polcab N. Gamoń sp.j.","Sosnowa 5","Sosnowa 5","44-203","Rybnik","Rybnik","24","PL","4832 4229775, 48 667666286","4832 4223423","www.polcab.com/pl",,"michal@polcab.com","s.pendzialek@polcab.com","5","2011","0",,,,"Kancelaria Finansowo-Ksiegowa Sp. z o.o|Jadwiga Deja",,,,,"Rybnik","6423178458"
"242873108","912989","Cis Strefa Sp. z o.o.","Cis Strefa Sp. z o.o.","Katowicka 20","Katowicka 20","43-100","Tychy","Tychy","24","PL",,,,,,,"2","2012","0",,,,,,,,,"Tychy","6462927473"
"101403760","916187","Ubezpieczenia i Finanse Sp. z o.o.","Ubezpieczenia i Finanse Sp. z o.o.","Zakladowa 56 lok. 18a","Zakładowa 56 lok. 18a","92-402","Lodz","Łódź","10","PL","4842 6706126","4842 6706126",,,"p.bernaciak@gmail.com","ubezpieczenia.bernaciak@gmail.com","2","2012","0",,,,,,,,,"Łódź","7282789805"
"101425862","924505","Dusoleil Sp. z o.o.","Dusoleil Sp. z o.o.","Starorudzka 10b","Starorudzka 10b","93-418","Lodz","Łódź","10","PL","48 788008478",,"dusoleil.pl",,"biuro@dusoleil.pl",,"2","2012","0",,,,,,,,,"Łódź","7252060985"
"302142730","924858","Biomasa Partner Group S.A.","Biomasa Partner Group S.A.","Bursztynowa 37","Bursztynowa 37","62-571","Modla Krolewska","Modła Królewska","30","PL","4863 2455929","4863 2455966","www.biomasapartner.pl",,"biuro@biomasapartner.pl",,"1","2012","0",,,,"TAX AUDYT Sp. z o.o|Anna Wertlewska",,,,,"koniński","6652989371"
"341338798","936389","SOFTBLUE S.A.","SOFTBLUE S.A.","Jana Zamoyskiego 2 lok. B","Jana Zamoyskiego 2 lok. B","85-063","Bydgoszcz","Bydgoszcz","04","PL","4852 3212802, 48 601477001","4852 3405030","www.softblue.pl",,"softblue@softblue.pl",,"1","2012","1",,"Alior Bank S.A.",,"B-Think Audit Sp. z o.o.|Marcin Hauffa",,,"PLSFTBL00012",,"Bydgoszcz","9671355663"
"146470190","944592","Billon Sp. z o.o.","Billon Sp. z o.o.","Walicow 11","Waliców 11","00-851","Warszawa","Warszawa","14","PL",,,"www.billon.info","billongroup.com/pl","biuro@billon.info","contact@billongroup.com","2","2012","0",,,,,,,,,"Warszawa","7010363618"
"122776631","949737","Promotraffic Sp. z o.o.","Promotraffic Sp. z o.o.","Wadowicka 8a","Wadowicka 8a","30-415","Krakow","Kraków","12","PL","4812 3070705, 48 512044729","4812 3504482","promotraffic.pl",,"biuro@promotraffic.pl","oferta@promotraffic.pl","2","2013","0",,,,,,,,,"Kraków","6762461932"
"341410308","956212","Megatransport Sp. z o.o.","Megatransport Sp. z o.o.","Wegrowo 13","Węgrowo 13","86-300","Wegrowo","Węgrowo","04","PL","4856 4637476, 48 606355332",,,,"wanexs@poczta.fm",,"2","2013","0",,,,,,,,,"grudziądzki","8762458687"
"146583215","959078","Social Wifi Sp. z o.o.","Social Wifi Sp. z o.o.","Aleja Jana Pawla II 22","Aleja Jana Pawła II 22","00-133","Warszawa","Warszawa","14","PL","48 730900062",,"www.socialwifi.com",,"kontakt@socialwifi.com",,"2","2013","0",,"Alior Bank S.A.",,,,,,,"Warszawa","5213645686"
"122860426","963879","Agrocentrum Sp. z o.o.","Agrocentrum Sp. z o.o.","Pollanki 80","Półłanki 80","30-740","Krakow","Kraków","12","PL","48 537449229",,"agrocentrum.info",,"biuro@agrocentrum.info",,"2","2013","0","1091",,,,,,,,"Kraków","6762465137"
"146749265","966821","Jumptsl Sp. z o.o.","Jumptsl Sp. z o.o.","Konstantego Ildefonsa Galczynskiego 4 lok. 901","Konstantego Ildefonsa Gałczyńskiego 4 lok. 901","00-362","Warszawa","Warszawa","14","PL",,,,,,,"2","2013","0",,,,,,,,,"Warszawa","5223007154"
"022282694","982638","Idea Finans Sp. z o.o.","Idea Finans Sp. z o.o.","Grzybowska 87","Grzybowska 87","00-844","Warszawa","Warszawa","14","PL","48 609000071",,,,"info@ideafinans.pl","ksiegowosc@ideafinans.pl","2","2013","0",,,,,,,,,"Warszawa","8992748058"
"022277760","983439","Grass Roots Network Sp. z o.o.","Grass Roots Network Sp. z o.o.","al. Debowa 21 lok. 4","al. Dębowa 21 lok. 4","53-121","Wroclaw","Wrocław","02","PL","4871 7948230",,,,,,"2","2013","0",,,,,,,,,"Wrocław","8992747998"
"302577830","985868","Tempo Sp. z o.o.","Tempo Sp. z o.o.","Jozefa Sowinskiego 49a lok. 26","Józefa Sowińskiego 49a lok. 26","60-284","Poznan","Poznań","30","PL","48 792290979",,"www.tempo24.eu",,"tempo.poznan@gmail.com","marcin_muszynski@poczta.onet.pl","2","2013","0",,,,,,,,,"Poznań","7773234347"
"022321543","988873","Car Store Sp. z o.o.","Car Store Sp. z o.o.","Koskowice 44","Koskowice 44","59-241","Koskowice","Koskowice","02","PL","4876 8774800, 48 602107059",,"www.car-store.pl",,"info@car-store.pl",,"2","2013","0",,,,,,,,,"legnicki","6912504041"
"146975270","989490","Meble Olimp Sp. z o.o.","Meble Olimp Sp. z o.o.","Domaniewska 47 lok. 10","Domaniewska 47 lok. 10","02-672","Warszawa","Warszawa","14","PL","48 600457946",,"www.jakwdomu.pl",,"jb@jakwdomu.pl",,"2","2013","0",,,,,,,,,"Warszawa","5213662472"
"147055599","992426","Ln Media Sp. z o.o.","Ln Media Sp. z o.o.","Dluga 29","Długa 29","00-238","Warszawa","Warszawa","14","PL","4822 4127001","4822 7127003","www.inmedia.pl",,"biuro@inmedia.pl",,"2","2013","0",,,,,,,,,"Warszawa","5252578988"
"302629773","994778","Ultrapur Sp. z o.o.","Ultrapur Sp. z o.o.","Chwaliszewo 72 lok. 7","Chwaliszewo 72 lok. 7","61-104","Poznan","Poznań","30","PL","4861 4152982","4861 4152984","www.ultrapur.pl",,"biuro@ultrapur.pl",,"2","2014","0",,,,,,,,,"Poznań","7831708550"
"147137676","1000954","Cobant Sp. z o.o. sp.k.","Cobant Sp. z o.o. sp.k.","al. Jana Pawla II 27","al. Jana Pawła II 27","00-867","Warszawa","Warszawa","14","PL",,,"www.cobant.eu",,"kontakt@cobant.eu",,"6","2014","0",,,,,,,,,"Warszawa","5272711663"
"147277377","1006414","Meattrade Sp. z o.o.","Meattrade Sp. z o.o.","Mazowiecka 11 lok. 49","Mazowiecka 11 lok. 49","00-052","Warszawa","Warszawa","14","PL","48 888431443",,"www.meattrade.pl",,"meat@meattrade.pl",,"2","2014","0",,,,,,,,,"Warszawa","5252588455"
"146748828","1007162","KBRW Sp. z o.o.","KBRW Sp. z o.o.","Domaniewska 47 lok. 10","Domaniewska 47 lok. 10","02-672","Warszawa","Warszawa","14","PL",,,,,,,"2","2013","0","1091",,,,,,,,"Warszawa","5272695987"
"147264593","1011915","Etb Sp. z o.o.","Etb Sp. z o.o.","Marszalkowska 80","Marszałkowska 80","00-517","Warszawa","Warszawa","14","PL",,,,,,,"2","2014","0",,,,,,,,,"Warszawa","5291803917"
"101335024","1013817","CGO Legal Chajdas Gawlak Owczarek sp.k.","CGO Legal Chajdas Gawlak Owczarek sp.k.","Lakowa 3/5","Łąkowa 3/5","90-562","Lodz","Łódź","10","PL","4842 6636503, 4842 2031166, 4842 2068886, 4842 2327963","4842 6636503, 4822 1013993","cgolegal.pl",,"office@ogolegal.pl","biuro@cgolegal.pl","6","2012","0",,,,,,,,,"Łódź","7272785705"
"147353799","1017971","Asapon Sp. z o.o.","Asapon Sp. z o.o.","Marynarska 21","Marynarska 21","02-674","Warszawa","Warszawa","14","PL","4822 1100117",,"asapon.pl",,"biuro@asapon.pl",,"2","2014","0",,,,,,,,,"Warszawa","7962965359"
"181141906","1020222","Iss Projekt Sp. z o.o.","Iss Projekt Sp. z o.o.","Geodetow 1 lok. 120","Geodetów 1 lok. 120","35-328","Rzeszow","Rzeszów","18","PL",,,,,,,"2","2014","0",,,,,,,,,"Rzeszów","5170367535"
"321556832","1022644","Ip Holdings Poland Sp. z o.o.","Ip Holdings Poland Sp. z o.o.","Stanislawa Wieckowskiego 2 lok. 3","Stanisława Więckowskiego 2 lok. 3","70-411","Szczecin","Szczecin","32","PL","4891 8203298",,"meon.pl",,"biuro@meon.pl",,"2","2014","0",,,,,,,,,"Szczecin","8513177618"
"147355255","1025339","Gopay Sp. z o.o.","Gopay Sp. z o.o.","Promienna 10","Promienna 10","03-672","Warszawa","Warszawa","14","PL","4822 2993423, 48 882172142",,"gopay24.pl",,"biuro@gopay.com.pl",,"2","2014","0",,,,,,,,,"Warszawa","5272717938"
"147440506","1025684","Zao Enterprise Sp. z o.o.","Zao Enterprise Sp. z o.o.","Gorczewska 53","Górczewska 53","01-401","Warszawa","Warszawa","14","PL",,,"www.zao24.pl","www.sjgez9.webwavecms.com","biuro.zao@gmail.com",,"2","2014","0",,,,,,,,,"Warszawa","5272721124"
"360217083","1033029","Horizon Business Hub Sp. z o.o.","Horizon Business Hub Sp. z o.o.","Graniczna 19","Graniczna 19","20-010","Lublin","Lublin","06","PL","48 609181714",,,,"albert.smektalski@gmail.com",,"2","2014","0",,,,,,,,,"Lublin","7773243961"
"360225711","1037819","Hyperview Sp. z o.o.","Hyperview Sp. z o.o.","Chorzowska 50","Chorzowska 50","44-100","Gliwice","Gliwice","24","PL","4832 4207354",,"www.hyperview.pl",,"sekretariat@hyperview-gl.pl",,"2","2014","0",,,,,,,,,"Gliwice","6342834160"
"360633232","1038684","Pret Nieruchomosci Sp. z o.o.","Pret Nieruchomości Sp. z o.o.","Postepu 13","Postępu 13","02-676","Warszawa","Warszawa","14","PL","48 506000790",,"www.pret.com.pl",,"wydawnictwo@pret.com.pl",,"2","2015","0",,,,"DT FINANSE Dorota Truszkowska Biuro|Dorota Truszkowska",,,,,"Warszawa","5213686745"
"360701235","1041749","BGL Invest Consulting Sp. z o.o.","BGL Invest Consulting Sp. z o.o.","Braniborska 7 lok. 2","Braniborska 7 lok. 2","53-680","Wroclaw","Wrocław","02","PL","48 696468552, 48 508259888",,"ready2go.com.pl",,"info@ready2go.com.pl",,"2","2015","0",,,,,,,,,"Wrocław","7822579946"
"361501691","1057220","Medcervin Sp. z o.o.","Medcervin Sp. z o.o.","Marii Konopnickiej 15b","Marii Konopnickiej 15b","51-141","Wroclaw","Wrocław","02","PL","4871 7360085",,"www.medcervin.com",,"biuro@medcervin.com",,"2","2015","0",,,,,,,,,"Wrocław","8952044428"
"361503922","1057235","Mtl Sp. z o.o.","Mtl Sp. z o.o.","Lakowa 2 B","Łąkowa 2 B","55-010","Swieta Katarzyna","Święta Katarzyna","02","PL","4871 8890248","4871 7215767","www.mtl.biz.pl",,,,"2","2015","0",,,,"ELIKS Audytorska Spolka z o.o.|Lidia Papierowska",,,,,"wrocławski","8961543007"
"222182590","1058092","Apartamenty Sp. z o.o.","Apartamenty Sp. z o.o.","al. 3 Maja 11","al. 3 Maja 11","76-200","Slupsk","Słupsk","22","PL","48 505665450",,"www.apartamenty-slupsk.pl",,"rezerwacja@apartamenty-slupsk.pl",,"2","2014","0",,,,,,,,,"Słupsk","8393177247"
"362217064","1070925","Dreman Sp. z o.o.","Dreman Sp. z o.o.","Oleska 6","Oleska 6","45-052","Opole","Opole","16","PL","4877 5477060",,"www.dreman.eu",,"biuro@dreman.eu",,"2","2015","0",,,,"FinBad Kancelaria Rachunkowo Podatkowa Grzegorz Glaubic|Grzegorz Glaubic",,,,,"Opole","7543096605"
"362418868","1073573","NETRIX S.A.","NETRIX S.A.","Wojciechowska 31","Wojciechowska 31","20-704","Lublin","Lublin","06","PL","4881 7480834, 48 693127550, 48 693127551","4881 7480842","www.sa.netrix.com.pl",,"biuro@netrix.com.pl","sa@netrix.com.pl","1","2015","0",,,,"Biuro Studiow i Analiz Finansowo-Ksiegowych Adam F. Werynski|Adam F. Werynski",,,,,"Lublin","7123299856"
"363281495","1093248","Inwestor Group Sp. z o.o.","Inwestor Group Sp. z o.o.","Soltysowska 12b lok. Lu4","Sołtysowska 12b lok. Lu4","31-589","Krakow","Kraków","12","PL","4812 6863056, 48 516147711","4812 3848996","www.inwestor.krakow.pl",,"finanse@inwestor.krakow.pl","zapytanie@inwestor.krakow.pl","2","2015","0",,,,,,,,,"Kraków","6751529603"
"363576090","1098501","Anywhere.To Sp. z o.o.","Anywhere.To Sp. z o.o.","Trebacka 4","Trębacka 4","00-074","Warszawa","Warszawa","14","PL","48 536533802",,"www.anywhere.to",,"contact@anywhere.to",,"2","2016","0",,,,,,,,,"Warszawa","5862303296"
"363788188","1103756","Global Metal Sp. z o.o.","Global Metal Sp. z o.o.","Narwik 17b lok. 25","Narwik 17b lok. 25","01-471","Warszawa","Warszawa","14","PL","48 506264111, 4844 7244648",,"globalmetal.pl",,"dominik@globalmetal.pl","biuro@globalmetal.pl","2","2016","0",,,,,,,,,"Warszawa","5223055006"
"363905866","1106168","Bts System Sp. z o.o. sp.k.","Bts System Sp. z o.o. sp.k.","Nowogrodzka 50 lok. 515","Nowogrodzka 50 lok. 515","00-695","Warszawa","Warszawa","14","PL","4876 8502212, 48 732525525",,"www.btssystem.eu",,"office@btssystem.eu",,"6","2016","0",,,,,,,,,"Warszawa","7010556814"
"363923226","1106624","B&B Konstrukcje Sp. z o.o.","B&B Konstrukcje Sp. z o.o.","Mokotowska 15a lok. 1b","Mokotowska 15a lok. 1b","00-640","Warszawa","Warszawa","14","PL","48 601327413",,,,,,"2","2016","0",,,,,,,,,"Warszawa","7010557481"
"364108439","1108504","Dolnoslaskie Centrum Logistyczne M & M Sp. z o.o.","Dolnośląskie Centrum Logistyczne M & M Sp. z o.o.","Wroclawska 49","Wrocławska 49","55-095","Dlugoleka","Długołęka","02","PL",,,,,"kontakt@dcl.com.pl",,"2","2016","0",,,,,,,,,"wrocławski","8961549659"
"364394155","1116855","Rsystem Sp. z o.o.","Rsystem Sp. z o.o.","Aleje Jerozolimskie 85 lok. 21","Aleje Jerozolimskie 85 lok. 21","02-001","Warszawa","Warszawa","14","PL","48 509354396",,,,"biuro@r-system.pl",,"2","2016","0",,,,,,,,,"Warszawa","7010574930"
"364737359","1123978","Techlub Sp. z o.o.","Techlub Sp. z o.o.","Klobucka 23c lok. 110","Kłobucka 23c lok. 110","02-699","Warszawa","Warszawa","14","PL",,,,,,,"2","2016","0",,,,,,,,,"Warszawa","5213738896"
"365224372","1133228","Va Banque Sp. z o.o.","Va Banque Sp. z o.o.","Fryderyka Chopina 41 lok. 2","Fryderyka Chopina 41 lok. 2","20-023","Lublin","Lublin","06","PL","48 690880078",,,,"jakubokon@onet.eu",,"2","2016","0",,,,,,,,,"Lublin","5641789797"
"365481229","1138872","Weco - Travel Services Sp. z o.o.","Weco - Travel Services Sp. z o.o.","Aleja Jana Pawla II 27","Aleja Jana Pawła II 27","00-867","Warszawa","Warszawa","14","PL","4822 4396800",,"www.wecotravel.pl",,,,"2","2016","0",,,,"Grant Thornton Polska P.S.A|Magdalena Lichocka - Rak",,,,,"Warszawa","5272780836"
"364718037","1140799","Park Technologiczny Inventum Sp. z o.o.","Park Technologiczny Inventum Sp. z o.o.","Elzbiety Druzbackiej 3 lok. 3","Elżbiety Drużbackiej 3 lok. 3","60-745","Poznan","Poznań","30","PL",,,,,,,"2","2016","0",,,,,,,,,"Poznań","7773264839"
"366135080","1154010","Animex Kutno Sp. z o.o.","Animex Kutno Sp. z o.o.","Tytusa Chalubinskiego 8","Tytusa Chałubińskiego 8","00-613","Warszawa","Warszawa","14","PL","4824 3575900, 4824 3575800","4824 3575901, 4824 3575801","www.animex.pl",,"biuro@animex.pl","publicrelations@animex.pl","2","2016","0",,,,"Ernst & Young Audyt Polska Sp. z o.o. Sp.k.|Agnieszka Nalewajko",,,,,"Warszawa","7010644317"
"366661962","1166136","Kuoo Tamizo Sp. z o.o.","Kuoo Tamizo Sp. z o.o.","Tramwajowa 17b lok. U14","Tramwajowa 17b lok. U14","90-132","Lodz","Łódź","10","PL","48 608512222, 48 600784144",,"www.minimall.one",,"kasia@kuoo.pl","hello@minimall.one","2","2017","0",,"mBank S.A.",,,,,,,"Łódź","7252185505"
"366712323","1166428","Im Caganowscy Sp. z o.o.","Im Caganowscy Sp. z o.o.","Dlugosza 16","Długosza 16","62-530","Posada","Posada","30","PL","48 601759598",,,,,,"2","2017","0",,,,"Biuro Bieglego Rewidenta Kazimierz Frydrychowski|Kazimierz Frydrychowski",,,,,"koniński","6653006264"
"367033104","1173204","Terra Nigra Sp. z o.o.","Terra Nigra Sp. z o.o.","Stawy 5","Stawy 5","02-467","Warszawa","Warszawa","14","PL",,,,,,,"2","2017","0",,,,,,,,,"Warszawa","5223088939"
"367959534","1189923","Monadith Sp. z o.o.","Monadith Sp. z o.o.","Belzacka 97b","Belzacka 97b","97-300","Piotrkow Trybunalski","Piotrków Trybunalski","10","PL","48 601229340",,,,,,"2","2017","0",,,,,,,,,"Piotrków Trybunalski","7712893015"
"368033566","1190446","Proteine Resources Sp. z o.o.","Proteine Resources Sp. z o.o.","Jesionowa 11","Jesionowa 11","32-091","Maslomiaca","Masłomiąca","12","PL","48 696122991",,"www.proteineresources.com",,"office@proteineresources.com",,"2","2017","0",,,,,,,,,"krakowski","5130251192"
"368227164","1194070","Bonasoft Sp. z o.o.","Bonasoft Sp. z o.o.","Krakowska 52","Krakowska 52","50-425","Wroclaw","Wrocław","02","PL","4871 7575858",,"www.bonasoft.pl",,"biuro@bonasoft.pl",,"2","2017","0",,,,,,,,,"Wrocław","8943113503"
"368972063","1208497","Helpa Sp. z o.o.","Helpa Sp. z o.o.","Zabia 40","Żabia 40","05-504","Henrykow-Urocze","Henryków-Urocze","14","PL","48 795767679",,"www.helpa.pl",,"kontakt@helpa.pl","sklep@helpa.pl","2","2017","0",,,,,,,,,"piaseczyński","1231381497"
"369113020","1209100","MBM Service Sp. z o.o.","MBM Service Sp. z o.o.","Leborska 22d lok. 9","Lęborska 22d lok. 9","80-387","Gdansk","Gdańsk","22","PL","48 533143498",,,,"mbm.biuro@onet.pl",,"2","2018","0",,,,,,,,,"Gdańsk","5252735005"
"369216688","1212704","Leenlife Pharmafoods Sp. z o.o.","Leenlife Pharmafoods Sp. z o.o.","Generala Juliana Filipowicza 2 lok. 7","Generała Juliana Filipowicza 2 lok. 7","30-611","Krakow","Kraków","12","PL",,,"www.novelnatur.com",,"zbipow@gmail.com",,"2","2018","0",,,,,,,,,"Kraków","9442258154"
"369822644","1238237","GSMA 24 Sp. z o.o.","GSMA 24 Sp. z o.o.","Czeresniowa 1","Czereśniowa 1","48-385","Otmuchow","Otmuchów","16","PL","4874 8513499, 48 607726466, 4874 8519755",,"gsma24.pl",,"info@gsma24.pl",,"2","2018","0",,,,,,,,,"nyski","7471909535"
"380934060","1243101","Woosabi Sp. z o.o.","Woosabi Sp. z o.o.","Braniborska 14","Braniborska 14","53-680","Wroclaw","Wrocław","02","PL","48 789146225",,"www.woosabi.pl/wroclaw",,"office@woosabi.pl",,"2","2018","0",,,,,,,,,"Wrocław","8971857977"
"381802336","1257736","Reszka Sp. z o.o.","Reszka Sp. z o.o.","Jana Twardowskiego 9","Jana Twardowskiego 9","35-302","Rzeszow","Rzeszów","18","PL",,,,,"biuro@reszka.biz.pl",,"2","2018","0",,,,"Biuro Studiow i Analiz Finansowo-Ksiegowych Adam F. Werynski|Adam F. Werynski",,,,,"Rzeszów","5170395833"
"382569445","1271757","Smarte Pflege Sp. z o.o.","Smarte Pflege Sp. z o.o.","Poznanska 21 lok. 48","Poznańska 21 lok. 48","00-685","Warszawa","Warszawa","14","PL",,,,,,,"2","2019","0",,,,,,,,,"Warszawa","7010907076"
"382576965","1273180","Pikralida Sp. z o.o.","Pikralida Sp. z o.o.","Uniwersytetu Poznanskiego 10","Uniwersytetu Poznańskiego 10","61-614","Poznan","Poznań","30","PL","48 534662201",,"pikralida.eu",,"j.lipner@pikralida.eu","contact@pikralida.eu","2","2019","0",,,,,,,,,"Poznań","7792503386"
"382767040","1275533","Werde Sp. z o.o.","Werde Sp. z o.o.","Powazkowska 15","Powązkowska 15","01-797","Warszawa","Warszawa","14","PL","48 793346589",,"werde.pl",,"biuro@werde.com.pl",,"2","2019","0",,,,,,,,,"Warszawa","5213859128"
"383658642","1291284","Headhunters Sp. z o.o.","Headhunters Sp. z o.o.","Brzozowa 42a","Brzozowa 42a","05-830","Kajetany","Kajetany","14","PL",,,,,,,"2","2019","0",,,,,,,,,"pruszkowski","1182196273"
"384630551","1308851","Gtc.Spv.3 Sp. z o.o.","Gtc.Spv.3 Sp. z o.o.","Mariana Langiewicza 2 lok. 10","Mariana Langiewicza 2 lok. 10","61-502","Poznan","Poznań","30","PL",,,,,,,"2","2019","0",,,,,,,,,"Poznań","7831807625"
"384837358","1313322","Fabryka Szkla Sp. z o.o.","Fabryka Szkła Sp. z o.o.","al. Aleje Jerozolimskie 89 lok. 43","al. Aleje Jerozolimskie 89 lok. 43","02-001","Warszawa","Warszawa","14","PL",,,,,,,"2","2019","0",,,,,,,,,"Warszawa","9223063640"
"385461205","1326341","Pz Properties Sp. z o.o. w likwidacji","Pz Properties Sp. z o.o. w likwidacji","Marszalkowska 72 lok. 20","Marszałkowska 72 lok. 20","00-545","Warszawa","Warszawa","14","PL",,,,,,,"2","2020","0","1081",,,,,,,,"Warszawa","7010968505"
"522243017","1476123","Moonie Sp. z o.o.","Moonie Sp. z o.o.","Lazanowicka 1A","Łazanowicka 1A","03-089","Warszawa","Warszawa","14","PL",,,"moonie.pl",,"hello@moonie.pl",,"2","2022","0",,,,,,,,,"Warszawa","5242942091"
"525629148","1540260","Synapsa Centrum Medyczne Sp. z o.o.","Synapsa Centrum Medyczne Sp. z o.o.","Sandomierska 23 lok. U - 3","Sandomierska 23 lok. U - 3","02-567","Warszawa","Warszawa","14","PL",,,,,,,"2","2023","0",,,,,,,,,"Warszawa","5214024621"
